institution_name,website,total_rows,ignored_rows,real_unfilled_rows,category,category_meaning,Notes
Australian Department of Home Affairs (EOI),https://www.homeaffairs.gov.au/,4899,4870,29,loads_fine,"Site is reachable with a valid certificate and shows no sign of being JS-only -- the fill failure here is NOT explained by site infrastructure; likely a crawler/hub-detection or course-matching gap, or (rarely) a genuinely wrong website value -- needs manual verification.",
Berlin International College,https://www.berlin-international-college.de/,85,0,85,loads_fine,"Site is reachable with a valid certificate and shows no sign of being JS-only -- the fill failure here is NOT explained by site infrastructure; likely a crawler/hub-detection or course-matching gap, or (rarely) a genuinely wrong website value -- needs manual verification.",
The Malka Group- TMG College - TMG,https://tmg.edu.au/,56,0,56,unreachable,"No response from the domain at all (DNS failure, connection refused, or timeout) -- likely a closed institution, expired domain, or wrong URL on file.",the Australian Government's National Training Register indicates that the registration status for this provider has been cancelled.
International House Sydney- IHS,https://ihsydney.com.au/,46,0,46,loads_fine,"Site is reachable with a valid certificate and shows no sign of being JS-only -- the fill failure here is NOT explained by site infrastructure; likely a crawler/hub-detection or course-matching gap, or (rarely) a genuinely wrong website value -- needs manual verification.",
Allianz Care Australia,https://www.allianzcare.com.au/,43,0,43,bot_blocked,Site returns HTTP 403/406/429 to automated requests. The site itself is fine; scraping is being deliberately refused (often a WAF at large institutions).,
Gold Coast Learning Centre - GCLC,https://www.gclc.com.au/,37,0,37,spa,"Site returns an empty HTML shell; real content only renders client-side in a browser (JavaScript), invisible to the crawler and to Serper alike.",
Envirotech,https://envirotechwater.com.au/,34,0,34,loads_fine,"Site is reachable with a valid certificate and shows no sign of being JS-only -- the fill failure here is NOT explained by site infrastructure; likely a crawler/hub-detection or course-matching gap, or (rarely) a genuinely wrong website value -- needs manual verification.",
MedBA,https://www.medicalboard.gov.au/,34,0,34,loads_fine,"Site is reachable with a valid certificate and shows no sign of being JS-only -- the fill failure here is NOT explained by site infrastructure; likely a crawler/hub-detection or course-matching gap, or (rarely) a genuinely wrong website value -- needs manual verification.",
George Brown College - GBC,https://www.georgebrown.nsw.edu.au/,33,0,33,loads_fine,"Site is reachable with a valid certificate and shows no sign of being JS-only -- the fill failure here is NOT explained by site infrastructure; likely a crawler/hub-detection or course-matching gap, or (rarely) a genuinely wrong website value -- needs manual verification.",
Western Sydney College - WSC,https://wsc.edu.au/,33,0,33,loads_fine,"Site is reachable with a valid certificate and shows no sign of being JS-only -- the fill failure here is NOT explained by site infrastructure; likely a crawler/hub-detection or course-matching gap, or (rarely) a genuinely wrong website value -- needs manual verification.",
Lonsdale Institute - LNI,https://lonsdaleinstitute.edu.au/,32,0,32,unreachable,"No response from the domain at all (DNS failure, connection refused, or timeout) -- likely a closed institution, expired domain, or wrong URL on file.",
Royal Gurkhas Institute of Technology - RGIT,https://rgit.edu.au/,32,0,32,unreachable,"No response from the domain at all (DNS failure, connection refused, or timeout) -- likely a closed institution, expired domain, or wrong URL on file.",
Engineers Australia,https://www.engineersaustralia.org.au/,31,0,31,loads_fine,"Site is reachable with a valid certificate and shows no sign of being JS-only -- the fill failure here is NOT explained by site infrastructure; likely a crawler/hub-detection or course-matching gap, or (rarely) a genuinely wrong website value -- needs manual verification.",
Australian College of Theology Limited,https://www.aut.edu.au/,29,0,29,bot_blocked,Site returns HTTP 403/406/429 to automated requests. The site itself is fine; scraping is being deliberately refused (often a WAF at large institutions).,
Australian Institute of Higher Education - AIHE,https://www.aihe.edu.au/,29,0,29,other,Reachable but did not fall cleanly into another bucket (e.g. an unusual redirect chain) -- needs manual inspection.,
Canterbury Technical Institute - CTI,https://www.cti.edu.au/,29,0,29,loads_fine,"Site is reachable with a valid certificate and shows no sign of being JS-only -- the fill failure here is NOT explained by site infrastructure; likely a crawler/hub-detection or course-matching gap, or (rarely) a genuinely wrong website value -- needs manual verification.",
NIB,https://www.nib.com.au/,29,0,29,spa,"Site returns an empty HTML shell; real content only renders client-side in a browser (JavaScript), invisible to the crawler and to Serper alike.",
Queensland Academy of Technology - QAT,https://www.qat.edu.au/,28,0,28,unreachable,"No response from the domain at all (DNS failure, connection refused, or timeout) -- likely a closed institution, expired domain, or wrong URL on file.",
ACS,https://www.acs.org.au/,26,0,26,loads_fine,"Site is reachable with a valid certificate and shows no sign of being JS-only -- the fill failure here is NOT explained by site infrastructure; likely a crawler/hub-detection or course-matching gap, or (rarely) a genuinely wrong website value -- needs manual verification.",
CBHS,https://www.cbhs.com.au/,26,0,26,loads_fine,"Site is reachable with a valid certificate and shows no sign of being JS-only -- the fill failure here is NOT explained by site infrastructure; likely a crawler/hub-detection or course-matching gap, or (rarely) a genuinely wrong website value -- needs manual verification.",
Performance Education,https://www.performance.edu.au/,26,0,26,loads_fine,"Site is reachable with a valid certificate and shows no sign of being JS-only -- the fill failure here is NOT explained by site infrastructure; likely a crawler/hub-detection or course-matching gap, or (rarely) a genuinely wrong website value -- needs manual verification.",
Warwick Institute of Australia - WIA,https://www.wia.edu.au/,26,0,26,unreachable,"No response from the domain at all (DNS failure, connection refused, or timeout) -- likely a closed institution, expired domain, or wrong URL on file.",
Australian Industrial Systems Institute,https://aisi.edu.au/,25,0,25,unreachable,"No response from the domain at all (DNS failure, connection refused, or timeout) -- likely a closed institution, expired domain, or wrong URL on file.",
Dynamic Education Group Pty Ltd,https://keystonecollege.wa.edu.au/,24,0,24,unreachable,"No response from the domain at all (DNS failure, connection refused, or timeout) -- likely a closed institution, expired domain, or wrong URL on file.",
Gills College Australia,https://gillscollege.edu.au/,24,0,24,unreachable,"No response from the domain at all (DNS failure, connection refused, or timeout) -- likely a closed institution, expired domain, or wrong URL on file.",
(Inactive) Fleming College Toronto,https://www.flemingcollegetoronto.ca/,24,24,0,not_a_course_provider,Every row for this institution is excluded from search entirely (occupation-code / year-level / test-booking / inactive-marker rows) -- not a real course-search failure.,
Australian Unity,https://www.australianunity.com.au/,23,0,23,loads_fine,"Site is reachable with a valid certificate and shows no sign of being JS-only -- the fill failure here is NOT explained by site infrastructure; likely a crawler/hub-detection or course-matching gap, or (rarely) a genuinely wrong website value -- needs manual verification.",
International House Brisbane - IHB,https://www.ihbrisbane.com.au/,23,0,23,loads_fine,"Site is reachable with a valid certificate and shows no sign of being JS-only -- the fill failure here is NOT explained by site infrastructure; likely a crawler/hub-detection or course-matching gap, or (rarely) a genuinely wrong website value -- needs manual verification.",
Newton College,https://newtoncollege.com.au/,23,0,23,loads_fine,"Site is reachable with a valid certificate and shows no sign of being JS-only -- the fill failure here is NOT explained by site infrastructure; likely a crawler/hub-detection or course-matching gap, or (rarely) a genuinely wrong website value -- needs manual verification.",
Australasian Lawrence Aged Care College Pty Ltd,https://www.alacchealth.edu.au/,22,0,22,unreachable,"No response from the domain at all (DNS failure, connection refused, or timeout) -- likely a closed institution, expired domain, or wrong URL on file.",
IBN College Pty Ltd,https://www.ibnedu.com/,22,0,22,loads_fine,"Site is reachable with a valid certificate and shows no sign of being JS-only -- the fill failure here is NOT explained by site infrastructure; likely a crawler/hub-detection or course-matching gap, or (rarely) a genuinely wrong website value -- needs manual verification.",
International Institute of Education - IIE,https://iie.edu.au/,22,0,22,loads_fine,"Site is reachable with a valid certificate and shows no sign of being JS-only -- the fill failure here is NOT explained by site infrastructure; likely a crawler/hub-detection or course-matching gap, or (rarely) a genuinely wrong website value -- needs manual verification.",
Lifetime International.Com Pty Ltd,https://cocooncollege.edu.au/,22,0,22,loads_fine,"Site is reachable with a valid certificate and shows no sign of being JS-only -- the fill failure here is NOT explained by site infrastructure; likely a crawler/hub-detection or course-matching gap, or (rarely) a genuinely wrong website value -- needs manual verification.",
ANMAC,https://www.anmac.org.au/,21,0,21,other,Reachable but did not fall cleanly into another bucket (e.g. an unusual redirect chain) -- needs manual inspection.,
Barkly international college,https://barklycollege.vic.edu.au/,21,0,21,unreachable,"No response from the domain at all (DNS failure, connection refused, or timeout) -- likely a closed institution, expired domain, or wrong URL on file.",
La Trobe College - LTC,https://www.latrobecollege.edu.au/,21,0,21,loads_fine,"Site is reachable with a valid certificate and shows no sign of being JS-only -- the fill failure here is NOT explained by site infrastructure; likely a crawler/hub-detection or course-matching gap, or (rarely) a genuinely wrong website value -- needs manual verification.",
Sydney Centre for Finance Studies Pty Ltd,https://sfcsydney.com.au/,20,0,20,loads_fine,"Site is reachable with a valid certificate and shows no sign of being JS-only -- the fill failure here is NOT explained by site infrastructure; likely a crawler/hub-detection or course-matching gap, or (rarely) a genuinely wrong website value -- needs manual verification.",
Australian College of Trade - ACOT,http://www.acot.vic.edu.au/,19,0,19,unreachable,"No response from the domain at all (DNS failure, connection refused, or timeout) -- likely a closed institution, expired domain, or wrong URL on file.",
Business Institute of Australia - BIA,https://bia.edu.au/,19,0,19,unreachable,"No response from the domain at all (DNS failure, connection refused, or timeout) -- likely a closed institution, expired domain, or wrong URL on file.",
Tas College - TASC,https://tascollege.edu.au/,19,0,19,loads_fine,"Site is reachable with a valid certificate and shows no sign of being JS-only -- the fill failure here is NOT explained by site infrastructure; likely a crawler/hub-detection or course-matching gap, or (rarely) a genuinely wrong website value -- needs manual verification.",
MVJ Enterprises Pty Ltd,https://perthcollege.com.au/,18,0,18,server_error,Site returns a 5xx/404 error -- likely transient or a broken deployment.,
Elizabeth Bence,https://duke.edu.au/,17,0,17,bot_blocked,Site returns HTTP 403/406/429 to automated requests. The site itself is fine; scraping is being deliberately refused (often a WAF at large institutions).,
International Institute of Management Pty Ltd,http://www.iim-australia.com/,17,0,17,unreachable,"No response from the domain at all (DNS failure, connection refused, or timeout) -- likely a closed institution, expired domain, or wrong URL on file.",
Melbourne Institute of Nails & Beauty Pty Ltd,http://www.accend.edu.au/,17,0,17,broken_ssl,"Site is reachable but its TLS certificate chain fails standard validation, so no compliant client (crawler, curl, Serper) can connect at all.",
Penfold College,http://www.penfold.edu.au/,17,0,17,loads_fine,"Site is reachable with a valid certificate and shows no sign of being JS-only -- the fill failure here is NOT explained by site infrastructure; likely a crawler/hub-detection or course-matching gap, or (rarely) a genuinely wrong website value -- needs manual verification.",
Australia Christian College Pty Ltd,https://www.acc.edu.au/,16,0,16,loads_fine,"Site is reachable with a valid certificate and shows no sign of being JS-only -- the fill failure here is NOT explained by site infrastructure; likely a crawler/hub-detection or course-matching gap, or (rarely) a genuinely wrong website value -- needs manual verification.",
Australian Institute of Professional Technique - AIPT,https://www.aipt.edu.au/,16,0,16,spa,"Site returns an empty HTML shell; real content only renders client-side in a browser (JavaScript), invisible to the crawler and to Serper alike.",
Central Melbourne Institute - CMI,https://www.cmi.edu.au/,16,0,16,bot_blocked,Site returns HTTP 403/406/429 to automated requests. The site itself is fine; scraping is being deliberately refused (often a WAF at large institutions).,
Guided Pathways Pty Ltd,https://pathwaysaustralia.com.au/,16,0,16,loads_fine,"Site is reachable with a valid certificate and shows no sign of being JS-only -- the fill failure here is NOT explained by site infrastructure; likely a crawler/hub-detection or course-matching gap, or (rarely) a genuinely wrong website value -- needs manual verification.",
YWAM Townsville Assoc. Inc.,https://ywamships.org/,16,0,16,bot_blocked,Site returns HTTP 403/406/429 to automated requests. The site itself is fine; scraping is being deliberately refused (often a WAF at large institutions).,
International Institute of Business & IT - IIBIT,https://www.iibit.edu.au/,15,0,15,loads_fine,"Site is reachable with a valid certificate and shows no sign of being JS-only -- the fill failure here is NOT explained by site infrastructure; likely a crawler/hub-detection or course-matching gap, or (rarely) a genuinely wrong website value -- needs manual verification.",
LLOYDS International College - LLOYDS,https://lloydscollege.nsw.edu.au/,15,0,15,server_error,Site returns a 5xx/404 error -- likely transient or a broken deployment.,
Yorke Institute Pty Ltd,https://yorkeinstitute.edu.au/,15,0,15,unreachable,"No response from the domain at all (DNS failure, connection refused, or timeout) -- likely a closed institution, expired domain, or wrong URL on file.",
Australian Careers College Pty Ltd - ACC,https://www.acc.edu.au/,14,0,14,loads_fine,"Site is reachable with a valid certificate and shows no sign of being JS-only -- the fill failure here is NOT explained by site infrastructure; likely a crawler/hub-detection or course-matching gap, or (rarely) a genuinely wrong website value -- needs manual verification.",
Fuss Education Pty Ltd,http://www.sbdi.edu.au/,14,0,14,unreachable,"No response from the domain at all (DNS failure, connection refused, or timeout) -- likely a closed institution, expired domain, or wrong URL on file.",
Infotech Professionals Pty Ltd,https://www.infotechprofessionals.com.au/,14,0,14,loads_fine,"Site is reachable with a valid certificate and shows no sign of being JS-only -- the fill failure here is NOT explained by site infrastructure; likely a crawler/hub-detection or course-matching gap, or (rarely) a genuinely wrong website value -- needs manual verification.",
JOAN LAWMAN SCHOOL OF BEAUTY PTY LTD,https://jlc.edu.au/,14,0,14,bot_blocked,Site returns HTTP 403/406/429 to automated requests. The site itself is fine; scraping is being deliberately refused (often a WAF at large institutions).,
Macleay College - MC,https://www.macleay.edu.au/,14,0,14,server_error,Site returns a 5xx/404 error -- likely transient or a broken deployment.,
Melbourne Centre for Technology Studies Pty Ltd,https://nsmt.vic.edu.au/,14,0,14,loads_fine,"Site is reachable with a valid certificate and shows no sign of being JS-only -- the fill failure here is NOT explained by site infrastructure; likely a crawler/hub-detection or course-matching gap, or (rarely) a genuinely wrong website value -- needs manual verification.",
New England School of English Pty. Ltd. - NEC,https://newenglandcollege.edu.au/,14,0,14,unreachable,"No response from the domain at all (DNS failure, connection refused, or timeout) -- likely a closed institution, expired domain, or wrong URL on file.",
Sydney English Language Centre - SELC,https://selc.edu.au/,14,0,14,unreachable,"No response from the domain at all (DNS failure, connection refused, or timeout) -- likely a closed institution, expired domain, or wrong URL on file.",
Academies Australasia Hair & Beauty - AAHB,https://www.academies.edu.au/,13,0,13,bot_blocked,Site returns HTTP 403/406/429 to automated requests. The site itself is fine; scraping is being deliberately refused (often a WAF at large institutions).,
Ambridge Institute,https://www.ambridge.edu.au/,13,0,13,unreachable,"No response from the domain at all (DNS failure, connection refused, or timeout) -- likely a closed institution, expired domain, or wrong URL on file.",
Ingress Training Academy,https://ingress.academy/,13,0,13,loads_fine,"Site is reachable with a valid certificate and shows no sign of being JS-only -- the fill failure here is NOT explained by site infrastructure; likely a crawler/hub-detection or course-matching gap, or (rarely) a genuinely wrong website value -- needs manual verification.",
Institute of Intellect Blending - IIB,https://www.iib.edu.au/,13,0,13,broken_ssl,"Site is reachable but its TLS certificate chain fails standard validation, so no compliant client (crawler, curl, Serper) can connect at all.",
Llewellyn Projects Pty Ltd,http://www.mtas.qld.edu.au/,13,0,13,unreachable,"No response from the domain at all (DNS failure, connection refused, or timeout) -- likely a closed institution, expired domain, or wrong URL on file.",
Quality Training & Hospitality College - QTHC,https://qthc.edu.au/,13,0,13,loads_fine,"Site is reachable with a valid certificate and shows no sign of being JS-only -- the fill failure here is NOT explained by site infrastructure; likely a crawler/hub-detection or course-matching gap, or (rarely) a genuinely wrong website value -- needs manual verification.",
Ultimate Institute of Australia - Ultimate,https://uia.edu.au/,13,0,13,unreachable,"No response from the domain at all (DNS failure, connection refused, or timeout) -- likely a closed institution, expired domain, or wrong URL on file.",
University of South Florida,https://www.usf.edu/,13,0,13,loads_fine,"Site is reachable with a valid certificate and shows no sign of being JS-only -- the fill failure here is NOT explained by site infrastructure; likely a crawler/hub-detection or course-matching gap, or (rarely) a genuinely wrong website value -- needs manual verification.",
Vocation Education Training Australia Pty Ltd,https://vetaaustralia.com.au/,13,0,13,loads_fine,"Site is reachable with a valid certificate and shows no sign of being JS-only -- the fill failure here is NOT explained by site infrastructure; likely a crawler/hub-detection or course-matching gap, or (rarely) a genuinely wrong website value -- needs manual verification.",
AUSTRALIAN INSTITUTE OF DIGITAL TECHNOLOGY PTY LTD,https://aidt.edu.au/,12,0,12,loads_fine,"Site is reachable with a valid certificate and shows no sign of being JS-only -- the fill failure here is NOT explained by site infrastructure; likely a crawler/hub-detection or course-matching gap, or (rarely) a genuinely wrong website value -- needs manual verification.",
Academia of Trade Pty Ltd,https://academi.edu.au/,12,0,12,loads_fine,"Site is reachable with a valid certificate and shows no sign of being JS-only -- the fill failure here is NOT explained by site infrastructure; likely a crawler/hub-detection or course-matching gap, or (rarely) a genuinely wrong website value -- needs manual verification.",
Australian Prime Education and Training Pty Ltd,https://australianprime.edu.au/,12,0,12,loads_fine,"Site is reachable with a valid certificate and shows no sign of being JS-only -- the fill failure here is NOT explained by site infrastructure; likely a crawler/hub-detection or course-matching gap, or (rarely) a genuinely wrong website value -- needs manual verification.",
Camden College,https://camdencollege.edu.au/,12,0,12,unreachable,"No response from the domain at all (DNS failure, connection refused, or timeout) -- likely a closed institution, expired domain, or wrong URL on file.",
Canberra Valley Institute,https://cvi.edu.au/,12,0,12,loads_fine,"Site is reachable with a valid certificate and shows no sign of being JS-only -- the fill failure here is NOT explained by site infrastructure; likely a crawler/hub-detection or course-matching gap, or (rarely) a genuinely wrong website value -- needs manual verification.",
Centurion College,http://www.centurioncollege.edu.au/,12,0,12,unreachable,"No response from the domain at all (DNS failure, connection refused, or timeout) -- likely a closed institution, expired domain, or wrong URL on file.",
Einstein College of Australia,https://einsteincollege.vic.edu.au/,12,0,12,unreachable,"No response from the domain at all (DNS failure, connection refused, or timeout) -- likely a closed institution, expired domain, or wrong URL on file.",
ITHEA Corporation Pty Ltd,http://www.ithea.vic.edu.au/,12,0,12,bot_blocked,Site returns HTTP 403/406/429 to automated requests. The site itself is fine; scraping is being deliberately refused (often a WAF at large institutions).,
Language Academy - LA,https://www.languageacademy.com.au/,12,0,12,spa,"Site returns an empty HTML shell; real content only renders client-side in a browser (JavaScript), invisible to the crawler and to Serper alike.",
Sarina Russo Institute - SRI,https://www.sarinarusso.com/,12,0,12,bot_blocked,Site returns HTTP 403/406/429 to automated requests. The site itself is fine; scraping is being deliberately refused (often a WAF at large institutions).,
The Learning Professionals - TLP,http://thelearningprofessionals.com.au/,12,0,12,unreachable,"No response from the domain at all (DNS failure, connection refused, or timeout) -- likely a closed institution, expired domain, or wrong URL on file.",
Masters In Training Pty Ltd,https://www.mastersintraining.com.au/,11,0,11,unreachable,"No response from the domain at all (DNS failure, connection refused, or timeout) -- likely a closed institution, expired domain, or wrong URL on file.",
Orange International College - OIC,https://www.oic.edu.au/,11,0,11,loads_fine,"Site is reachable with a valid certificate and shows no sign of being JS-only -- the fill failure here is NOT explained by site infrastructure; likely a crawler/hub-detection or course-matching gap, or (rarely) a genuinely wrong website value -- needs manual verification.",
Queensland School of Beauty Therapy Pty Ltd,https://www.qsb.com.au/,11,0,11,loads_fine,"Site is reachable with a valid certificate and shows no sign of being JS-only -- the fill failure here is NOT explained by site infrastructure; likely a crawler/hub-detection or course-matching gap, or (rarely) a genuinely wrong website value -- needs manual verification.",
Smart Connection Company Pty Ltd,https://smartconnection.net.au/,11,0,11,bot_blocked,Site returns HTTP 403/406/429 to automated requests. The site itself is fine; scraping is being deliberately refused (often a WAF at large institutions).,
Wakefield International College - WAIC,https://wic.sa.edu.au/,11,0,11,unreachable,"No response from the domain at all (DNS failure, connection refused, or timeout) -- likely a closed institution, expired domain, or wrong URL on file.",
SA Government Schools - SA,https://www.education.sa.gov.au/,11,6,5,bot_blocked,Site returns HTTP 403/406/429 to automated requests. The site itself is fine; scraping is being deliberately refused (often a WAF at large institutions).,
Australian Institute of Entrepreneurship - AIENTRE,https://aiemel.edu.au/,10,0,10,server_error,Site returns a 5xx/404 error -- likely transient or a broken deployment.,
Blue Bay College Pty Ltd,https://bluebaycollege.edu.au/,10,0,10,broken_ssl,"Site is reachable but its TLS certificate chain fails standard validation, so no compliant client (crawler, curl, Serper) can connect at all.",
Easy Buy Products Pty Ltd,https://easilybuy.com.au/,10,0,10,bot_blocked,Site returns HTTP 403/406/429 to automated requests. The site itself is fine; scraping is being deliberately refused (often a WAF at large institutions).,
Ferguson Project Management Services Pty Ltd,https://zim.edu.au/,10,0,10,server_error,Site returns a 5xx/404 error -- likely transient or a broken deployment.,
INTERNATIONAL FITNESS INSTITUTE PTY LTD,https://internationalfitnessinstitute.com/,10,0,10,loads_fine,"Site is reachable with a valid certificate and shows no sign of being JS-only -- the fill failure here is NOT explained by site infrastructure; likely a crawler/hub-detection or course-matching gap, or (rarely) a genuinely wrong website value -- needs manual verification.",
Sharma Education Pty Ltd,https://sharmamigration.com/,10,0,10,bot_blocked,Site returns HTTP 403/406/429 to automated requests. The site itself is fine; scraping is being deliberately refused (often a WAF at large institutions).,
Sheffield College,https://sheffield.edu.au/,10,0,10,unreachable,"No response from the domain at all (DNS failure, connection refused, or timeout) -- likely a closed institution, expired domain, or wrong URL on file.",
Westminster College Pty Ltd,http://www.westminstercollege.com.au/,10,0,10,unreachable,"No response from the domain at all (DNS failure, connection refused, or timeout) -- likely a closed institution, expired domain, or wrong URL on file.",
Alpha Institute - AI,https://alphainstitute.edu.au/,9,0,9,bot_blocked,Site returns HTTP 403/406/429 to automated requests. The site itself is fine; scraping is being deliberately refused (often a WAF at large institutions).,
Australian Design College Pty Ltd,https://adcpl.edu.au/,9,0,9,bot_blocked,Site returns HTTP 403/406/429 to automated requests. The site itself is fine; scraping is being deliberately refused (often a WAF at large institutions).,
C3 Church Sydney Ltd,https://www.c3college.com/,9,0,9,loads_fine,"Site is reachable with a valid certificate and shows no sign of being JS-only -- the fill failure here is NOT explained by site infrastructure; likely a crawler/hub-detection or course-matching gap, or (rarely) a genuinely wrong website value -- needs manual verification.",
City College Pty Ltd,https://ggu.edu/,9,0,9,loads_fine,"Site is reachable with a valid certificate and shows no sign of being JS-only -- the fill failure here is NOT explained by site infrastructure; likely a crawler/hub-detection or course-matching gap, or (rarely) a genuinely wrong website value -- needs manual verification.",
DS College Pty Ltd,https://dscollege.edu.au/,9,0,9,loads_fine,"Site is reachable with a valid certificate and shows no sign of being JS-only -- the fill failure here is NOT explained by site infrastructure; likely a crawler/hub-detection or course-matching gap, or (rarely) a genuinely wrong website value -- needs manual verification.",
ECA PY,https://www.professionalyear.info/,9,0,9,loads_fine,"Site is reachable with a valid certificate and shows no sign of being JS-only -- the fill failure here is NOT explained by site infrastructure; likely a crawler/hub-detection or course-matching gap, or (rarely) a genuinely wrong website value -- needs manual verification.",
Emerald College,https://emeraldcollege.edu.au/,9,0,9,unreachable,"No response from the domain at all (DNS failure, connection refused, or timeout) -- likely a closed institution, expired domain, or wrong URL on file.",
IML,https://iml.vic.edu.au/,9,0,9,loads_fine,"Site is reachable with a valid certificate and shows no sign of being JS-only -- the fill failure here is NOT explained by site infrastructure; likely a crawler/hub-detection or course-matching gap, or (rarely) a genuinely wrong website value -- needs manual verification.",
St Peters International College - SPIC,https://spic.qld.edu.au/,9,0,9,unreachable,"No response from the domain at all (DNS failure, connection refused, or timeout) -- likely a closed institution, expired domain, or wrong URL on file.",
Sunbright Pty Ltd,https://eiaustralia.edu.au/,9,0,9,unreachable,"No response from the domain at all (DNS failure, connection refused, or timeout) -- likely a closed institution, expired domain, or wrong URL on file.",
Technical Institute of Victoria - TIV,https://techinstitute.vic.edu.au/,9,0,9,unreachable,"No response from the domain at all (DNS failure, connection refused, or timeout) -- likely a closed institution, expired domain, or wrong URL on file.",
North Melbourne College - NMC,https://nmc.edu.au/,9,1,8,unreachable,"No response from the domain at all (DNS failure, connection refused, or timeout) -- likely a closed institution, expired domain, or wrong URL on file.",
IES College - IES,https://iescollege.com/,9,3,6,loads_fine,"Site is reachable with a valid certificate and shows no sign of being JS-only -- the fill failure here is NOT explained by site infrastructure; likely a crawler/hub-detection or course-matching gap, or (rarely) a genuinely wrong website value -- needs manual verification.",
Australian Institute of Electro technology - AUSINET,https://ausinet.edu.au/,8,0,8,loads_fine,"Site is reachable with a valid certificate and shows no sign of being JS-only -- the fill failure here is NOT explained by site infrastructure; likely a crawler/hub-detection or course-matching gap, or (rarely) a genuinely wrong website value -- needs manual verification.",
Australian Online Institute Pty Ltd,https://www.aoi.edu.au/,8,0,8,loads_fine,"Site is reachable with a valid certificate and shows no sign of being JS-only -- the fill failure here is NOT explained by site infrastructure; likely a crawler/hub-detection or course-matching gap, or (rarely) a genuinely wrong website value -- needs manual verification.",
Business College of Sydney Pty Ltd,https://www.bcs.edu.au/,8,0,8,loads_fine,"Site is reachable with a valid certificate and shows no sign of being JS-only -- the fill failure here is NOT explained by site infrastructure; likely a crawler/hub-detection or course-matching gap, or (rarely) a genuinely wrong website value -- needs manual verification.",
Chase Aus Pty Ltd,https://chaseglobalacademy.com/,8,0,8,loads_fine,"Site is reachable with a valid certificate and shows no sign of being JS-only -- the fill failure here is NOT explained by site infrastructure; likely a crawler/hub-detection or course-matching gap, or (rarely) a genuinely wrong website value -- needs manual verification.",
Expert Education Laos (Test Preparation),https://experteducation.com/,8,0,8,loads_fine,"Site is reachable with a valid certificate and shows no sign of being JS-only -- the fill failure here is NOT explained by site infrastructure; likely a crawler/hub-detection or course-matching gap, or (rarely) a genuinely wrong website value -- needs manual verification.",
Expert Education Myanmar (Test Preparation),https://experteducation.com/,8,0,8,loads_fine,"Site is reachable with a valid certificate and shows no sign of being JS-only -- the fill failure here is NOT explained by site infrastructure; likely a crawler/hub-detection or course-matching gap, or (rarely) a genuinely wrong website value -- needs manual verification.",
Expert Education Nepal (Test Preparation),https://experteducation.com/,8,0,8,loads_fine,"Site is reachable with a valid certificate and shows no sign of being JS-only -- the fill failure here is NOT explained by site infrastructure; likely a crawler/hub-detection or course-matching gap, or (rarely) a genuinely wrong website value -- needs manual verification.",
Expert Education Nigeria (Test Preparation),https://experteducation.com/,8,0,8,loads_fine,"Site is reachable with a valid certificate and shows no sign of being JS-only -- the fill failure here is NOT explained by site infrastructure; likely a crawler/hub-detection or course-matching gap, or (rarely) a genuinely wrong website value -- needs manual verification.",
Expert Education Philippines (Test Preparation),https://experteducation.com/,8,0,8,loads_fine,"Site is reachable with a valid certificate and shows no sign of being JS-only -- the fill failure here is NOT explained by site infrastructure; likely a crawler/hub-detection or course-matching gap, or (rarely) a genuinely wrong website value -- needs manual verification.",
Expert Education Sri Lanka (Test Preparation),https://experteducation.com/,8,0,8,loads_fine,"Site is reachable with a valid certificate and shows no sign of being JS-only -- the fill failure here is NOT explained by site infrastructure; likely a crawler/hub-detection or course-matching gap, or (rarely) a genuinely wrong website value -- needs manual verification.",
Expert Education Thailand (Test Preparation),https://experteducation.com/,8,0,8,loads_fine,"Site is reachable with a valid certificate and shows no sign of being JS-only -- the fill failure here is NOT explained by site infrastructure; likely a crawler/hub-detection or course-matching gap, or (rarely) a genuinely wrong website value -- needs manual verification.",
Expert Education Vietnam (Test Preparation),https://experteducation.com/,8,0,8,loads_fine,"Site is reachable with a valid certificate and shows no sign of being JS-only -- the fill failure here is NOT explained by site infrastructure; likely a crawler/hub-detection or course-matching gap, or (rarely) a genuinely wrong website value -- needs manual verification.",
Heyden Lakes Pty Ltd,https://heydenlakes.com.au/,8,0,8,unreachable,"No response from the domain at all (DNS failure, connection refused, or timeout) -- likely a closed institution, expired domain, or wrong URL on file.",
Holmes Colleges Queensland Pty Ltd,https://www.holmes.edu.au/,8,0,8,loads_fine,"Site is reachable with a valid certificate and shows no sign of being JS-only -- the fill failure here is NOT explained by site infrastructure; likely a crawler/hub-detection or course-matching gap, or (rarely) a genuinely wrong website value -- needs manual verification.",
Holmes Colleges Sydney Pty Ltd,https://www.holmes.edu.au/,8,0,8,loads_fine,"Site is reachable with a valid certificate and shows no sign of being JS-only -- the fill failure here is NOT explained by site infrastructure; likely a crawler/hub-detection or course-matching gap, or (rarely) a genuinely wrong website value -- needs manual verification.",
International Australian Academy - IAA,https://www.iaa.sa.edu.au/,8,0,8,loads_fine,"Site is reachable with a valid certificate and shows no sign of being JS-only -- the fill failure here is NOT explained by site infrastructure; likely a crawler/hub-detection or course-matching gap, or (rarely) a genuinely wrong website value -- needs manual verification.",
Learner Centre Pty Ltd,https://learnercentre.edu.au/,8,0,8,unreachable,"No response from the domain at all (DNS failure, connection refused, or timeout) -- likely a closed institution, expired domain, or wrong URL on file.",
MARUTI GLOBAL PTY LTD,https://marutiglobal.edu.au/,8,0,8,unreachable,"No response from the domain at all (DNS failure, connection refused, or timeout) -- likely a closed institution, expired domain, or wrong URL on file.",
Perth Institute of Australia Pty Ltd,https://www.perthinstitute.wa.edu.au/,8,0,8,loads_fine,"Site is reachable with a valid certificate and shows no sign of being JS-only -- the fill failure here is NOT explained by site infrastructure; likely a crawler/hub-detection or course-matching gap, or (rarely) a genuinely wrong website value -- needs manual verification.",
The Language Academy Pty Ltd,https://www.languageacademy.com.au/,8,0,8,spa,"Site returns an empty HTML shell; real content only renders client-side in a browser (JavaScript), invisible to the crawler and to Serper alike.",
Universal Network of Infotech Pty Ltd,http://www.iota.edu.au/,8,0,8,spa,"Site returns an empty HTML shell; real content only renders client-side in a browser (JavaScript), invisible to the crawler and to Serper alike.",
AITSL,https://www.aitsl.edu.au/,8,1,7,loads_fine,"Site is reachable with a valid certificate and shows no sign of being JS-only -- the fill failure here is NOT explained by site infrastructure; likely a crawler/hub-detection or course-matching gap, or (rarely) a genuinely wrong website value -- needs manual verification.",
ACWA,https://www.acwa.org.au/,7,0,7,unreachable,"No response from the domain at all (DNS failure, connection refused, or timeout) -- likely a closed institution, expired domain, or wrong URL on file.",
AEC Consulting Pty Ltd,https://theoneintlcollege.edu.au/,7,0,7,unreachable,"No response from the domain at all (DNS failure, connection refused, or timeout) -- likely a closed institution, expired domain, or wrong URL on file.",
Avalon College Pty Ltd,https://aca.edu.au/,7,0,7,loads_fine,"Site is reachable with a valid certificate and shows no sign of being JS-only -- the fill failure here is NOT explained by site infrastructure; likely a crawler/hub-detection or course-matching gap, or (rarely) a genuinely wrong website value -- needs manual verification.",
Cairns Beauty Academy Pty Ltd,http://www.beautyacademy.com.au/,7,0,7,loads_fine,"Site is reachable with a valid certificate and shows no sign of being JS-only -- the fill failure here is NOT explained by site infrastructure; likely a crawler/hub-detection or course-matching gap, or (rarely) a genuinely wrong website value -- needs manual verification.",
Discover English - DE,https://www.discoverenglish.com.au/,7,0,7,loads_fine,"Site is reachable with a valid certificate and shows no sign of being JS-only -- the fill failure here is NOT explained by site infrastructure; likely a crawler/hub-detection or course-matching gap, or (rarely) a genuinely wrong website value -- needs manual verification.",
Education Investors Pty Ltd,https://educationaus.net.au/,7,0,7,loads_fine,"Site is reachable with a valid certificate and shows no sign of being JS-only -- the fill failure here is NOT explained by site infrastructure; likely a crawler/hub-detection or course-matching gap, or (rarely) a genuinely wrong website value -- needs manual verification.",
Expert Education,https://experteducation.com/,7,0,7,loads_fine,"Site is reachable with a valid certificate and shows no sign of being JS-only -- the fill failure here is NOT explained by site infrastructure; likely a crawler/hub-detection or course-matching gap, or (rarely) a genuinely wrong website value -- needs manual verification.",
International Institute (Aust) Pty Ltd,https://intia.edu.au/,7,0,7,loads_fine,"Site is reachable with a valid certificate and shows no sign of being JS-only -- the fill failure here is NOT explained by site infrastructure; likely a crawler/hub-detection or course-matching gap, or (rarely) a genuinely wrong website value -- needs manual verification.",
JP International College - JP,https://jpic.com.au/,7,0,7,loads_fine,"Site is reachable with a valid certificate and shows no sign of being JS-only -- the fill failure here is NOT explained by site infrastructure; likely a crawler/hub-detection or course-matching gap, or (rarely) a genuinely wrong website value -- needs manual verification.",
Level Up English - LUE,https://www.levelupenglish.com.au/,7,0,7,loads_fine,"Site is reachable with a valid certificate and shows no sign of being JS-only -- the fill failure here is NOT explained by site infrastructure; likely a crawler/hub-detection or course-matching gap, or (rarely) a genuinely wrong website value -- needs manual verification.",
Precept Education Pty Ltd,https://precept.education/,7,0,7,loads_fine,"Site is reachable with a valid certificate and shows no sign of being JS-only -- the fill failure here is NOT explained by site infrastructure; likely a crawler/hub-detection or course-matching gap, or (rarely) a genuinely wrong website value -- needs manual verification.",
RPL Zone - RZ,http://www.rplzone.com.au/,7,0,7,unreachable,"No response from the domain at all (DNS failure, connection refused, or timeout) -- likely a closed institution, expired domain, or wrong URL on file.",
Sunshine Coast English College Pty Ltd,https://www.scec.com.au/,7,0,7,unreachable,"No response from the domain at all (DNS failure, connection refused, or timeout) -- likely a closed institution, expired domain, or wrong URL on file.",
Sunway International College Pty Ltd,https://rosewood.nsw.edu.au/,7,0,7,loads_fine,"Site is reachable with a valid certificate and shows no sign of being JS-only -- the fill failure here is NOT explained by site infrastructure; likely a crawler/hub-detection or course-matching gap, or (rarely) a genuinely wrong website value -- needs manual verification.",
University of South Wales,https://bluemountains.edu.my/,7,0,7,loads_fine,"Site is reachable with a valid certificate and shows no sign of being JS-only -- the fill failure here is NOT explained by site infrastructure; likely a crawler/hub-detection or course-matching gap, or (rarely) a genuinely wrong website value -- needs manual verification.",
iCollege - ICOLLEGE,https://nexted.com.au/,7,0,7,bot_blocked,Site returns HTTP 403/406/429 to automated requests. The site itself is fine; scraping is being deliberately refused (often a WAF at large institutions).,
ACECQA,https://www.acecqa.gov.au/,7,4,3,bot_blocked,Site returns HTTP 403/406/429 to automated requests. The site itself is fine; scraping is being deliberately refused (often a WAF at large institutions).,
AOI GROUP PTY LTD,https://aoi.edu.au/,6,0,6,loads_fine,"Site is reachable with a valid certificate and shows no sign of being JS-only -- the fill failure here is NOT explained by site infrastructure; likely a crawler/hub-detection or course-matching gap, or (rarely) a genuinely wrong website value -- needs manual verification.",
Accountant Resource Centre - ARC,https://accountantsrc.com.au/,6,0,6,loads_fine,"Site is reachable with a valid certificate and shows no sign of being JS-only -- the fill failure here is NOT explained by site infrastructure; likely a crawler/hub-detection or course-matching gap, or (rarely) a genuinely wrong website value -- needs manual verification.",
AusBridge Institute of Technology Pty Ltd,https://ausbridge.edu.au/,6,0,6,unreachable,"No response from the domain at all (DNS failure, connection refused, or timeout) -- likely a closed institution, expired domain, or wrong URL on file.",
Australian Education Advisor Pty Ltd,https://australiaeducation.com.au/,6,0,6,loads_fine,"Site is reachable with a valid certificate and shows no sign of being JS-only -- the fill failure here is NOT explained by site infrastructure; likely a crawler/hub-detection or course-matching gap, or (rarely) a genuinely wrong website value -- needs manual verification.",
Australian Institute of Advanced Technologies,https://www.aias.edu.au/,6,0,6,loads_fine,"Site is reachable with a valid certificate and shows no sign of being JS-only -- the fill failure here is NOT explained by site infrastructure; likely a crawler/hub-detection or course-matching gap, or (rarely) a genuinely wrong website value -- needs manual verification.",
Australian Skills Centre Pty Ltd,https://austech.edu.au/,6,0,6,unreachable,"No response from the domain at all (DNS failure, connection refused, or timeout) -- likely a closed institution, expired domain, or wrong URL on file.",
CAANZ,https://www.charteredaccountantsanz.com/,6,0,6,bot_blocked,Site returns HTTP 403/406/429 to automated requests. The site itself is fine; scraping is being deliberately refused (often a WAF at large institutions).,
CAN UNITED Pty Ltd,https://asmicollege.edu.au/,6,0,6,loads_fine,"Site is reachable with a valid certificate and shows no sign of being JS-only -- the fill failure here is NOT explained by site infrastructure; likely a crawler/hub-detection or course-matching gap, or (rarely) a genuinely wrong website value -- needs manual verification.",
Diverse Solutions Pty Ltd,https://diverselearning.com.au/,6,0,6,loads_fine,"Site is reachable with a valid certificate and shows no sign of being JS-only -- the fill failure here is NOT explained by site infrastructure; likely a crawler/hub-detection or course-matching gap, or (rarely) a genuinely wrong website value -- needs manual verification.",
Dynamic Management Group Pty Ltd,https://alia.vic.edu.au/,6,0,6,bot_blocked,Site returns HTTP 403/406/429 to automated requests. The site itself is fine; scraping is being deliberately refused (often a WAF at large institutions).,
Hope of the Gold Coast Ltd,https://hopechurchaustralia.com/,6,0,6,server_error,Site returns a 5xx/404 error -- likely transient or a broken deployment.,
IPA,https://www.publicaccountants.org.au/,6,0,6,spa,"Site returns an empty HTML shell; real content only renders client-side in a browser (JavaScript), invisible to the crawler and to Serper alike.",
International Training & Education Counsel - ITEC (RPL),https://itecounsel.com/,6,0,6,loads_fine,"Site is reachable with a valid certificate and shows no sign of being JS-only -- the fill failure here is NOT explained by site infrastructure; likely a crawler/hub-detection or course-matching gap, or (rarely) a genuinely wrong website value -- needs manual verification.",
KAPS Institute of Management Pty Ltd as trustee for the KAPS Institute of Management Unit Trust,https://www.eprimus.edu.au/,6,0,6,unreachable,"No response from the domain at all (DNS failure, connection refused, or timeout) -- likely a closed institution, expired domain, or wrong URL on file.",
PGA OF Australia Institute Pty Ltd,https://www.pga.org.au/,6,0,6,other,Reachable but did not fall cleanly into another bucket (e.g. an unusual redirect chain) -- needs manual inspection.,
Perth International College of English,https://www.pice.com.au/,6,0,6,unreachable,"No response from the domain at all (DNS failure, connection refused, or timeout) -- likely a closed institution, expired domain, or wrong URL on file.",
SAPIENCE COLLEGE PTY LTD,https://www.sapiencecollege.edu.au/,6,0,6,spa,"Site returns an empty HTML shell; real content only renders client-side in a browser (JavaScript), invisible to the crawler and to Serper alike.",
SET QLD Pty Ltd as trustee for SET QLD UNIT TRUST,https://setqld.com.au/,6,0,6,bot_blocked,Site returns HTTP 403/406/429 to automated requests. The site itself is fine; scraping is being deliberately refused (often a WAF at large institutions).,
Trump College Pty Ltd as Trustee for Trump College Unit Trust,http://www.trumpcollege.wa.edu.au/,6,0,6,unreachable,"No response from the domain at all (DNS failure, connection refused, or timeout) -- likely a closed institution, expired domain, or wrong URL on file.",
XAVIER INTERNATIONAL COLLEGE PTY LTD,https://xavier.edu.au/,6,0,6,loads_fine,"Site is reachable with a valid certificate and shows no sign of being JS-only -- the fill failure here is NOT explained by site infrastructure; likely a crawler/hub-detection or course-matching gap, or (rarely) a genuinely wrong website value -- needs manual verification.",
Youth with a Mission Canberra Inc.,https://ywamcanberra.edu.au/,6,0,6,loads_fine,"Site is reachable with a valid certificate and shows no sign of being JS-only -- the fill failure here is NOT explained by site infrastructure; likely a crawler/hub-detection or course-matching gap, or (rarely) a genuinely wrong website value -- needs manual verification.",
Somerset College Limited,https://www.somerset.qld.edu.au/,6,3,3,loads_fine,"Site is reachable with a valid certificate and shows no sign of being JS-only -- the fill failure here is NOT explained by site infrastructure; likely a crawler/hub-detection or course-matching gap, or (rarely) a genuinely wrong website value -- needs manual verification.",
British Council (Myanmar),https://www.britishcouncil.org/,6,6,0,not_a_course_provider,Every row for this institution is excluded from search entirely (occupation-code / year-level / test-booking / inactive-marker rows) -- not a real course-search failure.,
British Council (Nepal),https://www.britishcouncil.org/,6,6,0,not_a_course_provider,Every row for this institution is excluded from search entirely (occupation-code / year-level / test-booking / inactive-marker rows) -- not a real course-search failure.,
British Council (Nigeria),https://www.britishcouncil.org/,6,6,0,not_a_course_provider,Every row for this institution is excluded from search entirely (occupation-code / year-level / test-booking / inactive-marker rows) -- not a real course-search failure.,
British Council (Philippines),https://www.britishcouncil.org/,6,6,0,not_a_course_provider,Every row for this institution is excluded from search entirely (occupation-code / year-level / test-booking / inactive-marker rows) -- not a real course-search failure.,
British Council (Sri Lanka),https://www.britishcouncil.org/,6,6,0,not_a_course_provider,Every row for this institution is excluded from search entirely (occupation-code / year-level / test-booking / inactive-marker rows) -- not a real course-search failure.,
British Council (Thailand),https://www.britishcouncil.org/,6,6,0,not_a_course_provider,Every row for this institution is excluded from search entirely (occupation-code / year-level / test-booking / inactive-marker rows) -- not a real course-search failure.,
British Council (Vietnam),https://www.britishcouncil.org/,6,6,0,not_a_course_provider,Every row for this institution is excluded from search entirely (occupation-code / year-level / test-booking / inactive-marker rows) -- not a real course-search failure.,
Fairfield High School - FHS,https://fairfield-h.schools.nsw.gov.au/,6,6,0,not_a_course_provider,Every row for this institution is excluded from search entirely (occupation-code / year-level / test-booking / inactive-marker rows) -- not a real course-search failure.,
IDP IELTS (Bangladesh),https://www.idp.com/,6,6,0,not_a_course_provider,Every row for this institution is excluded from search entirely (occupation-code / year-level / test-booking / inactive-marker rows) -- not a real course-search failure.,
IDP IELTS (Bhutan),https://www.idp.com/,6,6,0,not_a_course_provider,Every row for this institution is excluded from search entirely (occupation-code / year-level / test-booking / inactive-marker rows) -- not a real course-search failure.,
IDP IELTS (Cambodia),https://www.idp.com/,6,6,0,not_a_course_provider,Every row for this institution is excluded from search entirely (occupation-code / year-level / test-booking / inactive-marker rows) -- not a real course-search failure.,
IDP IELTS (India),https://www.idp.com/,6,6,0,not_a_course_provider,Every row for this institution is excluded from search entirely (occupation-code / year-level / test-booking / inactive-marker rows) -- not a real course-search failure.,
IDP IELTS (Indonesia),https://www.idp.com/,6,6,0,not_a_course_provider,Every row for this institution is excluded from search entirely (occupation-code / year-level / test-booking / inactive-marker rows) -- not a real course-search failure.,
IDP IELTS (Kenya),https://www.idp.com/,6,6,0,not_a_course_provider,Every row for this institution is excluded from search entirely (occupation-code / year-level / test-booking / inactive-marker rows) -- not a real course-search failure.,
IDP IELTS (Laos),https://www.idp.com/,6,6,0,not_a_course_provider,Every row for this institution is excluded from search entirely (occupation-code / year-level / test-booking / inactive-marker rows) -- not a real course-search failure.,
IDP IELTS (Myanmar),https://www.idp.com/,6,6,0,not_a_course_provider,Every row for this institution is excluded from search entirely (occupation-code / year-level / test-booking / inactive-marker rows) -- not a real course-search failure.,
IDP IELTS (Nepal),https://www.idp.com/,6,6,0,not_a_course_provider,Every row for this institution is excluded from search entirely (occupation-code / year-level / test-booking / inactive-marker rows) -- not a real course-search failure.,
IDP IELTS (Nigeria),https://www.idp.com/,6,6,0,not_a_course_provider,Every row for this institution is excluded from search entirely (occupation-code / year-level / test-booking / inactive-marker rows) -- not a real course-search failure.,
IDP IELTS (Philippines),https://www.idp.com/,6,6,0,not_a_course_provider,Every row for this institution is excluded from search entirely (occupation-code / year-level / test-booking / inactive-marker rows) -- not a real course-search failure.,
IDP IELTS (Sri Lanka),https://www.idp.com/,6,6,0,not_a_course_provider,Every row for this institution is excluded from search entirely (occupation-code / year-level / test-booking / inactive-marker rows) -- not a real course-search failure.,
IDP IELTS (Thailand),https://www.idp.com/,6,6,0,not_a_course_provider,Every row for this institution is excluded from search entirely (occupation-code / year-level / test-booking / inactive-marker rows) -- not a real course-search failure.,
IDP IELTS (Vietnam),https://www.idp.com/,6,6,0,not_a_course_provider,Every row for this institution is excluded from search entirely (occupation-code / year-level / test-booking / inactive-marker rows) -- not a real course-search failure.,
Adelaide Culinary Institute,https://culinaryaustralia.edu.au/,5,0,5,loads_fine,"Site is reachable with a valid certificate and shows no sign of being JS-only -- the fill failure here is NOT explained by site infrastructure; likely a crawler/hub-detection or course-matching gap, or (rarely) a genuinely wrong website value -- needs manual verification.",
BCA National Training Group - BCA,https://www.bcanational.edu.au/,5,0,5,unreachable,"No response from the domain at all (DNS failure, connection refused, or timeout) -- likely a closed institution, expired domain, or wrong URL on file.",
Batool International Pty Ltd,https://www.acir.com.au/,5,0,5,loads_fine,"Site is reachable with a valid certificate and shows no sign of being JS-only -- the fill failure here is NOT explained by site infrastructure; likely a crawler/hub-detection or course-matching gap, or (rarely) a genuinely wrong website value -- needs manual verification.",
Canterbury Language Academy,https://canterburyla.com.au/,5,0,5,loads_fine,"Site is reachable with a valid certificate and shows no sign of being JS-only -- the fill failure here is NOT explained by site infrastructure; likely a crawler/hub-detection or course-matching gap, or (rarely) a genuinely wrong website value -- needs manual verification.",
EQUINIM COLLEGE PTY LTD,https://eqc.edu.au/,5,0,5,loads_fine,"Site is reachable with a valid certificate and shows no sign of being JS-only -- the fill failure here is NOT explained by site infrastructure; likely a crawler/hub-detection or course-matching gap, or (rarely) a genuinely wrong website value -- needs manual verification.",
Educate Australia Pty Ltd,https://educationaus.net.au/,5,0,5,loads_fine,"Site is reachable with a valid certificate and shows no sign of being JS-only -- the fill failure here is NOT explained by site infrastructure; likely a crawler/hub-detection or course-matching gap, or (rarely) a genuinely wrong website value -- needs manual verification.",
Excellence Trades College Pty Ltd,https://excellencetrades.edu.au/,5,0,5,unreachable,"No response from the domain at all (DNS failure, connection refused, or timeout) -- likely a closed institution, expired domain, or wrong URL on file.",
Future Education Group Pty. Ltd.,https://futureeducationgroup.com.au/,5,0,5,loads_fine,"Site is reachable with a valid certificate and shows no sign of being JS-only -- the fill failure here is NOT explained by site infrastructure; likely a crawler/hub-detection or course-matching gap, or (rarely) a genuinely wrong website value -- needs manual verification.",
IIPM Pty Ltd,https://iipm.edu.au/,5,0,5,loads_fine,"Site is reachable with a valid certificate and shows no sign of being JS-only -- the fill failure here is NOT explained by site infrastructure; likely a crawler/hub-detection or course-matching gap, or (rarely) a genuinely wrong website value -- needs manual verification.",
JMDEDU PTY LTD,https://jmdedu.com.au/,5,0,5,unreachable,"No response from the domain at all (DNS failure, connection refused, or timeout) -- likely a closed institution, expired domain, or wrong URL on file.",
Milestones English Academy - MEA,https://www.milestonesenglish.com.au/,5,0,5,other,Reachable but did not fall cleanly into another bucket (e.g. an unusual redirect chain) -- needs manual inspection.,
MnM Institute Pty Ltd,https://mnminstitute.com/,5,0,5,loads_fine,"Site is reachable with a valid certificate and shows no sign of being JS-only -- the fill failure here is NOT explained by site infrastructure; likely a crawler/hub-detection or course-matching gap, or (rarely) a genuinely wrong website value -- needs manual verification.",
Paramount International College,https://www.paramount.edu.au/,5,0,5,loads_fine,"Site is reachable with a valid certificate and shows no sign of being JS-only -- the fill failure here is NOT explained by site infrastructure; likely a crawler/hub-detection or course-matching gap, or (rarely) a genuinely wrong website value -- needs manual verification.",
SECURITY COLLEGE OF AUSTRALIA Pty Ltd,https://andersoncollege.au/,5,0,5,unreachable,"No response from the domain at all (DNS failure, connection refused, or timeout) -- likely a closed institution, expired domain, or wrong URL on file.",
School of Hairdressing Pty Ltd,https://www.brishair.com.au/,5,0,5,loads_fine,"Site is reachable with a valid certificate and shows no sign of being JS-only -- the fill failure here is NOT explained by site infrastructure; likely a crawler/hub-detection or course-matching gap, or (rarely) a genuinely wrong website value -- needs manual verification.",
Southern English College - SEC,https://www.sec.edu.au/,5,0,5,loads_fine,"Site is reachable with a valid certificate and shows no sign of being JS-only -- the fill failure here is NOT explained by site infrastructure; likely a crawler/hub-detection or course-matching gap, or (rarely) a genuinely wrong website value -- needs manual verification.",
Spark SA Investments Pty Ltd,https://sparkcollege.edu.au/,5,0,5,unreachable,"No response from the domain at all (DNS failure, connection refused, or timeout) -- likely a closed institution, expired domain, or wrong URL on file.",
Times College Pty Ltd,https://timesedu.com.au/,5,0,5,loads_fine,"Site is reachable with a valid certificate and shows no sign of being JS-only -- the fill failure here is NOT explained by site infrastructure; likely a crawler/hub-detection or course-matching gap, or (rarely) a genuinely wrong website value -- needs manual verification.",
Universal English,https://www.universalenglish.edu.au/,5,0,5,loads_fine,"Site is reachable with a valid certificate and shows no sign of being JS-only -- the fill failure here is NOT explained by site infrastructure; likely a crawler/hub-detection or course-matching gap, or (rarely) a genuinely wrong website value -- needs manual verification.",
We Train Townsville Pty Ltd,https://trainingtownsville.com.au/,5,0,5,loads_fine,"Site is reachable with a valid certificate and shows no sign of being JS-only -- the fill failure here is NOT explained by site infrastructure; likely a crawler/hub-detection or course-matching gap, or (rarely) a genuinely wrong website value -- needs manual verification.",
World Education Services,https://www.wes.org/,5,0,5,bot_blocked,Site returns HTTP 403/406/429 to automated requests. The site itself is fine; scraping is being deliberately refused (often a WAF at large institutions).,
Australian Association for International Education Inc,https://www.ieaa.org.au/,5,1,4,loads_fine,"Site is reachable with a valid certificate and shows no sign of being JS-only -- the fill failure here is NOT explained by site infrastructure; likely a crawler/hub-detection or course-matching gap, or (rarely) a genuinely wrong website value -- needs manual verification.",
Westminster School Inc,https://www.westminster.sa.edu.au/,5,1,4,loads_fine,"Site is reachable with a valid certificate and shows no sign of being JS-only -- the fill failure here is NOT explained by site infrastructure; likely a crawler/hub-detection or course-matching gap, or (rarely) a genuinely wrong website value -- needs manual verification.",
St Paul's International College,https://www.spic.nsw.edu.au/,5,2,3,loads_fine,"Site is reachable with a valid certificate and shows no sign of being JS-only -- the fill failure here is NOT explained by site infrastructure; likely a crawler/hub-detection or course-matching gap, or (rarely) a genuinely wrong website value -- needs manual verification.",
John Paul College Limited,https://www.jpc.qld.edu.au/,5,3,2,loads_fine,"Site is reachable with a valid certificate and shows no sign of being JS-only -- the fill failure here is NOT explained by site infrastructure; likely a crawler/hub-detection or course-matching gap, or (rarely) a genuinely wrong website value -- needs manual verification.",
Penny Royal College,https://pennyroyalcollege.edu.au/,5,3,2,loads_fine,"Site is reachable with a valid certificate and shows no sign of being JS-only -- the fill failure here is NOT explained by site infrastructure; likely a crawler/hub-detection or course-matching gap, or (rarely) a genuinely wrong website value -- needs manual verification.",
Taylors Lakes Primary School,https://www.tlps.vic.edu.au/,5,4,1,loads_fine,"Site is reachable with a valid certificate and shows no sign of being JS-only -- the fill failure here is NOT explained by site infrastructure; likely a crawler/hub-detection or course-matching gap, or (rarely) a genuinely wrong website value -- needs manual verification.",
IDP IELTS (Australia),https://www.idp.com/,5,5,0,not_a_course_provider,Every row for this institution is excluded from search entirely (occupation-code / year-level / test-booking / inactive-marker rows) -- not a real course-search failure.,
Our Lady of the Sacred Heart Catholic College,https://www.olsh.catholic.edu.au/,5,5,0,not_a_course_provider,Every row for this institution is excluded from search entirely (occupation-code / year-level / test-booking / inactive-marker rows) -- not a real course-search failure.,
ST MICHAEL'S COLLEGIATE SCHOOL,https://collegiate.tas.edu.au/,5,5,0,not_a_course_provider,Every row for this institution is excluded from search entirely (occupation-code / year-level / test-booking / inactive-marker rows) -- not a real course-search failure.,
AMSA,https://www.amsa.gov.au/,4,0,4,loads_fine,"Site is reachable with a valid certificate and shows no sign of being JS-only -- the fill failure here is NOT explained by site infrastructure; likely a crawler/hub-detection or course-matching gap, or (rarely) a genuinely wrong website value -- needs manual verification.",
APS,https://www.apsjobs.gov.au/,4,0,4,loads_fine,"Site is reachable with a valid certificate and shows no sign of being JS-only -- the fill failure here is NOT explained by site infrastructure; likely a crawler/hub-detection or course-matching gap, or (rarely) a genuinely wrong website value -- needs manual verification.",
Ability English - AE,http://www.ability.edu.au/,4,0,4,unreachable,"No response from the domain at all (DNS failure, connection refused, or timeout) -- likely a closed institution, expired domain, or wrong URL on file.",
Achievers Global Pty Ltd,https://achieverscollege.edu.au/,4,0,4,unreachable,"No response from the domain at all (DNS failure, connection refused, or timeout) -- likely a closed institution, expired domain, or wrong URL on file.",
Airways Aviation Education Pty Ltd,https://www.airwaysaviation.com/,4,0,4,loads_fine,"Site is reachable with a valid certificate and shows no sign of being JS-only -- the fill failure here is NOT explained by site infrastructure; likely a crawler/hub-detection or course-matching gap, or (rarely) a genuinely wrong website value -- needs manual verification.",
Allman College Pty. Ltd.,https://allmancollege.com.au/,4,0,4,loads_fine,"Site is reachable with a valid certificate and shows no sign of being JS-only -- the fill failure here is NOT explained by site infrastructure; likely a crawler/hub-detection or course-matching gap, or (rarely) a genuinely wrong website value -- needs manual verification.",
Apeiron Asia Pty Ltd,https://chambers.vic.edu.au/,4,0,4,unreachable,"No response from the domain at all (DNS failure, connection refused, or timeout) -- likely a closed institution, expired domain, or wrong URL on file.",
Atlas English College Pty Ltd,https://atlas.edu.au/,4,0,4,loads_fine,"Site is reachable with a valid certificate and shows no sign of being JS-only -- the fill failure here is NOT explained by site infrastructure; likely a crawler/hub-detection or course-matching gap, or (rarely) a genuinely wrong website value -- needs manual verification.",
Australia Wide Training Institute - AWTI,http://www.awti.edu.au/,4,0,4,unreachable,"No response from the domain at all (DNS failure, connection refused, or timeout) -- likely a closed institution, expired domain, or wrong URL on file.",
Australian Dance Institute Pty Ltd,https://australiandanceinstitute.edu.au/,4,0,4,loads_fine,"Site is reachable with a valid certificate and shows no sign of being JS-only -- the fill failure here is NOT explained by site infrastructure; likely a crawler/hub-detection or course-matching gap, or (rarely) a genuinely wrong website value -- needs manual verification.",
Australian National Memorial Theatre Ltd,https://nationaltheatre.org.au/,4,0,4,loads_fine,"Site is reachable with a valid certificate and shows no sign of being JS-only -- the fill failure here is NOT explained by site infrastructure; likely a crawler/hub-detection or course-matching gap, or (rarely) a genuinely wrong website value -- needs manual verification.",
Bayside College,https://baysidecollege.vic.edu.au/,4,0,4,loads_fine,"Site is reachable with a valid certificate and shows no sign of being JS-only -- the fill failure here is NOT explained by site infrastructure; likely a crawler/hub-detection or course-matching gap, or (rarely) a genuinely wrong website value -- needs manual verification.",
Bestlearn Education Pty Ltd,https://bestlearn.edu.au/,4,0,4,unreachable,"No response from the domain at all (DNS failure, connection refused, or timeout) -- likely a closed institution, expired domain, or wrong URL on file.",
EF International Language Schools Pty Ltd,https://www.ef.com.au/,4,0,4,loads_fine,"Site is reachable with a valid certificate and shows no sign of being JS-only -- the fill failure here is NOT explained by site infrastructure; likely a crawler/hub-detection or course-matching gap, or (rarely) a genuinely wrong website value -- needs manual verification.",
Education Hub Pty Ltd,https://eduhub.au/,4,0,4,loads_fine,"Site is reachable with a valid certificate and shows no sign of being JS-only -- the fill failure here is NOT explained by site infrastructure; likely a crawler/hub-detection or course-matching gap, or (rarely) a genuinely wrong website value -- needs manual verification.",
Enlighten Talent Pty Ltd,http://www.greenwoodacademyaca.com.au/,4,0,4,loads_fine,"Site is reachable with a valid certificate and shows no sign of being JS-only -- the fill failure here is NOT explained by site infrastructure; likely a crawler/hub-detection or course-matching gap, or (rarely) a genuinely wrong website value -- needs manual verification.",
Global Education & Tourism Group Pty Ltd,http://www.kingsway.edu.au/,4,0,4,unreachable,"No response from the domain at all (DNS failure, connection refused, or timeout) -- likely a closed institution, expired domain, or wrong URL on file.",
HIGH SKILLED TRAINING AND EDUCATION AUSTRALIA PTY LTD,https://highskilledtraining.com.au/,4,0,4,loads_fine,"Site is reachable with a valid certificate and shows no sign of being JS-only -- the fill failure here is NOT explained by site infrastructure; likely a crawler/hub-detection or course-matching gap, or (rarely) a genuinely wrong website value -- needs manual verification.",
Institute of PTE - IPTE,http://www.ipte.com.au/,4,0,4,unreachable,"No response from the domain at all (DNS failure, connection refused, or timeout) -- likely a closed institution, expired domain, or wrong URL on file.",
Iona Trinity College,https://itc.edu.au/,4,0,4,loads_fine,"Site is reachable with a valid certificate and shows no sign of being JS-only -- the fill failure here is NOT explained by site infrastructure; likely a crawler/hub-detection or course-matching gap, or (rarely) a genuinely wrong website value -- needs manual verification.",
Kingswood Institute Pty Ltd,https://kingswood.edu.au/,4,0,4,unreachable,"No response from the domain at all (DNS failure, connection refused, or timeout) -- likely a closed institution, expired domain, or wrong URL on file.",
Malwa College of Australia Pty Ltd,http://www.malwacollege.edu.au/,4,0,4,unreachable,"No response from the domain at all (DNS failure, connection refused, or timeout) -- likely a closed institution, expired domain, or wrong URL on file.",
Management Institute of Australia Pty Ltd,https://miaustralia.edu.au/,4,0,4,loads_fine,"Site is reachable with a valid certificate and shows no sign of being JS-only -- the fill failure here is NOT explained by site infrastructure; likely a crawler/hub-detection or course-matching gap, or (rarely) a genuinely wrong website value -- needs manual verification.",
Melbourne Institute of Australia Pty Ltd,https://melbtech.edu.au/,4,0,4,loads_fine,"Site is reachable with a valid certificate and shows no sign of being JS-only -- the fill failure here is NOT explained by site infrastructure; likely a crawler/hub-detection or course-matching gap, or (rarely) a genuinely wrong website value -- needs manual verification.",
Mildura Culinary Institute Pty Ltd,https://milduraculinary.edu.au/,4,0,4,unreachable,"No response from the domain at all (DNS failure, connection refused, or timeout) -- likely a closed institution, expired domain, or wrong URL on file.",
Orana Fashion Business College Pty Ltd,https://www.oranacollege.com.au/,4,0,4,loads_fine,"Site is reachable with a valid certificate and shows no sign of being JS-only -- the fill failure here is NOT explained by site infrastructure; likely a crawler/hub-detection or course-matching gap, or (rarely) a genuinely wrong website value -- needs manual verification.",
QIBA (Test Preparation),https://www.qiba.edu.au/,4,0,4,loads_fine,"Site is reachable with a valid certificate and shows no sign of being JS-only -- the fill failure here is NOT explained by site infrastructure; likely a crawler/hub-detection or course-matching gap, or (rarely) a genuinely wrong website value -- needs manual verification.",
Queensland College of Dance,https://www.queenslandcollegeofdance.com.au/,4,0,4,loads_fine,"Site is reachable with a valid certificate and shows no sign of being JS-only -- the fill failure here is NOT explained by site infrastructure; likely a crawler/hub-detection or course-matching gap, or (rarely) a genuinely wrong website value -- needs manual verification.",
Sydney College of English Pty Ltd,https://sce.edu.au/,4,0,4,unreachable,"No response from the domain at all (DNS failure, connection refused, or timeout) -- likely a closed institution, expired domain, or wrong URL on file.",
Universal Training Institute Pty Ltd,https://www.unet.org.au/,4,0,4,loads_fine,"Site is reachable with a valid certificate and shows no sign of being JS-only -- the fill failure here is NOT explained by site infrastructure; likely a crawler/hub-detection or course-matching gap, or (rarely) a genuinely wrong website value -- needs manual verification.",
XPERT SOLUTIONS PTY LTD,https://xpertsolutions.edu.au/,4,0,4,unreachable,"No response from the domain at all (DNS failure, connection refused, or timeout) -- likely a closed institution, expired domain, or wrong URL on file.",
Xceed Training Solutions Pty Ltd,https://www.xceedtraining.com.au/,4,0,4,other,Reachable but did not fall cleanly into another bucket (e.g. an unusual redirect chain) -- needs manual inspection.,
APC,https://www.pharmacycouncil.org.au/,4,2,2,loads_fine,"Site is reachable with a valid certificate and shows no sign of being JS-only -- the fill failure here is NOT explained by site infrastructure; likely a crawler/hub-detection or course-matching gap, or (rarely) a genuinely wrong website value -- needs manual verification.",
All Saints Anglican School Limited,https://www.asas.qld.edu.au/,4,2,2,loads_fine,"Site is reachable with a valid certificate and shows no sign of being JS-only -- the fill failure here is NOT explained by site infrastructure; likely a crawler/hub-detection or course-matching gap, or (rarely) a genuinely wrong website value -- needs manual verification.",
Board of Trustees of the Rockhampton Grammar School,https://www.rgs.qld.edu.au/,4,2,2,loads_fine,"Site is reachable with a valid certificate and shows no sign of being JS-only -- the fill failure here is NOT explained by site infrastructure; likely a crawler/hub-detection or course-matching gap, or (rarely) a genuinely wrong website value -- needs manual verification.",
Saint Stephen's College Ltd,https://saintstephenscollege.net.au/,4,2,2,loads_fine,"Site is reachable with a valid certificate and shows no sign of being JS-only -- the fill failure here is NOT explained by site infrastructure; likely a crawler/hub-detection or course-matching gap, or (rarely) a genuinely wrong website value -- needs manual verification.",
Woodcroft College,https://www.woodcroft.sa.edu.au/,4,2,2,bot_blocked,Site returns HTTP 403/406/429 to automated requests. The site itself is fine; scraping is being deliberately refused (often a WAF at large institutions).,
Canberra Girls' Grammar School,https://www.cggs.act.edu.au/,4,3,1,bot_blocked,Site returns HTTP 403/406/429 to automated requests. The site itself is fine; scraping is being deliberately refused (often a WAF at large institutions).,
Cranbrook School,https://www.cranbrook.nsw.edu.au/,4,3,1,bot_blocked,Site returns HTTP 403/406/429 to automated requests. The site itself is fine; scraping is being deliberately refused (often a WAF at large institutions).,
Mercedes College Springfield,https://www.mercedes.catholic.edu.au/,4,3,1,loads_fine,"Site is reachable with a valid certificate and shows no sign of being JS-only -- the fill failure here is NOT explained by site infrastructure; likely a crawler/hub-detection or course-matching gap, or (rarely) a genuinely wrong website value -- needs manual verification.",
Seventh-Day Adventist Schools (South Queensland) Limited,https://sq.adventist.org.au/,4,3,1,loads_fine,"Site is reachable with a valid certificate and shows no sign of being JS-only -- the fill failure here is NOT explained by site infrastructure; likely a crawler/hub-detection or course-matching gap, or (rarely) a genuinely wrong website value -- needs manual verification.",
St Paul's Grammar School Penrith Ltd,https://www.stpauls.nsw.edu.au/,4,3,1,loads_fine,"Site is reachable with a valid certificate and shows no sign of being JS-only -- the fill failure here is NOT explained by site infrastructure; likely a crawler/hub-detection or course-matching gap, or (rarely) a genuinely wrong website value -- needs manual verification.",
The Council of St Andrew's Cathedral School,https://www.sacs.nsw.edu.au/,4,3,1,spa,"Site returns an empty HTML shell; real content only renders client-side in a browser (JavaScript), invisible to the crawler and to Serper alike.",
The Council of Trinity Grammar School,https://www.trinity.nsw.edu.au/,4,3,1,loads_fine,"Site is reachable with a valid certificate and shows no sign of being JS-only -- the fill failure here is NOT explained by site infrastructure; likely a crawler/hub-detection or course-matching gap, or (rarely) a genuinely wrong website value -- needs manual verification.",
Blackheath and Thornburgh College,https://www.btc.qld.edu.au/,4,4,0,not_a_course_provider,Every row for this institution is excluded from search entirely (occupation-code / year-level / test-booking / inactive-marker rows) -- not a real course-search failure.,
Caloundra City School Limited,https://www.ccps.qld.edu.au/,4,4,0,not_a_course_provider,Every row for this institution is excluded from search entirely (occupation-code / year-level / test-booking / inactive-marker rows) -- not a real course-search failure.,
Lindisfarne Anglican School,https://www.lindisfarne.nsw.edu.au/,4,4,0,not_a_course_provider,Every row for this institution is excluded from search entirely (occupation-code / year-level / test-booking / inactive-marker rows) -- not a real course-search failure.,
A.M.T. Helicopters Pty Ltd,https://www.airwork.com.au/,3,0,3,loads_fine,"Site is reachable with a valid certificate and shows no sign of being JS-only -- the fill failure here is NOT explained by site infrastructure; likely a crawler/hub-detection or course-matching gap, or (rarely) a genuinely wrong website value -- needs manual verification.",
AIdrones Pty Ltd,https://aidrones.com.au/,3,0,3,server_error,Site returns a 5xx/404 error -- likely transient or a broken deployment.,
ASMIRT,https://www.asmirt.org/,3,0,3,loads_fine,"Site is reachable with a valid certificate and shows no sign of being JS-only -- the fill failure here is NOT explained by site infrastructure; likely a crawler/hub-detection or course-matching gap, or (rarely) a genuinely wrong website value -- needs manual verification.",
Advance English Pty Ltd,https://www.advanceenglish.com.au/,3,0,3,loads_fine,"Site is reachable with a valid certificate and shows no sign of being JS-only -- the fill failure here is NOT explained by site infrastructure; likely a crawler/hub-detection or course-matching gap, or (rarely) a genuinely wrong website value -- needs manual verification.",
Albright Institute of Business and Language,https://www.albrightinstitute.edu.au/,3,0,3,loads_fine,"Site is reachable with a valid certificate and shows no sign of being JS-only -- the fill failure here is NOT explained by site infrastructure; likely a crawler/hub-detection or course-matching gap, or (rarely) a genuinely wrong website value -- needs manual verification.",
Apex Institute of Management Pty Ltd,https://apexinstitute.edu.au/,3,0,3,loads_fine,"Site is reachable with a valid certificate and shows no sign of being JS-only -- the fill failure here is NOT explained by site infrastructure; likely a crawler/hub-detection or course-matching gap, or (rarely) a genuinely wrong website value -- needs manual verification.",
Astley English College,http://www.astleycollege.nsw.edu.au/,3,0,3,unreachable,"No response from the domain at all (DNS failure, connection refused, or timeout) -- likely a closed institution, expired domain, or wrong URL on file.",
Australia Institute of Healthcare Pty Ltd,https://aihe.edu.au/,3,0,3,other,Reachable but did not fall cleanly into another bucket (e.g. an unusual redirect chain) -- needs manual inspection.,
Australian Centre of Further Education - ACFE,http://www.acfe.edu.au/,3,0,3,unreachable,"No response from the domain at all (DNS failure, connection refused, or timeout) -- likely a closed institution, expired domain, or wrong URL on file.",
BCA Education Group Pty Ltd,https://eiat.nsw.edu.au/,3,0,3,unreachable,"No response from the domain at all (DNS failure, connection refused, or timeout) -- likely a closed institution, expired domain, or wrong URL on file.",
BNT College Pty Ltd,https://www.bntcollege.com.au/,3,0,3,other,Reachable but did not fall cleanly into another bucket (e.g. an unusual redirect chain) -- needs manual inspection.,
Bridge Business College - BBC,http://www.bridgebc.edu.au/,3,0,3,unreachable,"No response from the domain at all (DNS failure, connection refused, or timeout) -- likely a closed institution, expired domain, or wrong URL on file.",
Bunker Hill Community College Student Visa Only,https://www.bhcc.edu/,3,0,3,other,Reachable but did not fall cleanly into another bucket (e.g. an unusual redirect chain) -- needs manual inspection.,
CJAE Pty Ltd,https://angelinstitute.com.au/,3,0,3,loads_fine,"Site is reachable with a valid certificate and shows no sign of being JS-only -- the fill failure here is NOT explained by site infrastructure; likely a crawler/hub-detection or course-matching gap, or (rarely) a genuinely wrong website value -- needs manual verification.",
Care Academy VIC Pty Ltd,https://nationalcareacademy.com.au/,3,0,3,loads_fine,"Site is reachable with a valid certificate and shows no sign of being JS-only -- the fill failure here is NOT explained by site infrastructure; likely a crawler/hub-detection or course-matching gap, or (rarely) a genuinely wrong website value -- needs manual verification.",
Charles Darwin University (CDU) International College,https://www.cdu.edu.au/,3,0,3,loads_fine,"Site is reachable with a valid certificate and shows no sign of being JS-only -- the fill failure here is NOT explained by site infrastructure; likely a crawler/hub-detection or course-matching gap, or (rarely) a genuinely wrong website value -- needs manual verification.",
College of San Mateo Student Visa Only,https://collegeofsanmateo.edu/,3,0,3,loads_fine,"Site is reachable with a valid certificate and shows no sign of being JS-only -- the fill failure here is NOT explained by site infrastructure; likely a crawler/hub-detection or course-matching gap, or (rarely) a genuinely wrong website value -- needs manual verification.",
East Coast College Pty Ltd,https://eccollege.nsw.edu.au/,3,0,3,loads_fine,"Site is reachable with a valid certificate and shows no sign of being JS-only -- the fill failure here is NOT explained by site infrastructure; likely a crawler/hub-detection or course-matching gap, or (rarely) a genuinely wrong website value -- needs manual verification.",
Future Language School Pty Ltd,http://www.futureeducationgroup.com.au/,3,0,3,loads_fine,"Site is reachable with a valid certificate and shows no sign of being JS-only -- the fill failure here is NOT explained by site infrastructure; likely a crawler/hub-detection or course-matching gap, or (rarely) a genuinely wrong website value -- needs manual verification.",
GNNJ Pty Ltd,https://gnnj.edu.au/,3,0,3,unreachable,"No response from the domain at all (DNS failure, connection refused, or timeout) -- likely a closed institution, expired domain, or wrong URL on file.",
Global English College - GEC,http://www.collegegroup.com.au/,3,0,3,unreachable,"No response from the domain at all (DNS failure, connection refused, or timeout) -- likely a closed institution, expired domain, or wrong URL on file.",
Graceland Institute,https://gracelandinstitute.qld.edu.au/,3,0,3,unreachable,"No response from the domain at all (DNS failure, connection refused, or timeout) -- likely a closed institution, expired domain, or wrong URL on file.",
H.C.H INVESTMENTS PTY. LTD.,https://knightscollege.edu.au/,3,0,3,loads_fine,"Site is reachable with a valid certificate and shows no sign of being JS-only -- the fill failure here is NOT explained by site infrastructure; likely a crawler/hub-detection or course-matching gap, or (rarely) a genuinely wrong website value -- needs manual verification.",
IMAN,https://iman-cosmetics.org/,3,0,3,unreachable,"No response from the domain at all (DNS failure, connection refused, or timeout) -- likely a closed institution, expired domain, or wrong URL on file.",
Ideal International Institute Pty Ltd,https://idealedu.com.au/,3,0,3,server_error,Site returns a 5xx/404 error -- likely transient or a broken deployment.,
Language Links International - LLI,https://languagelinks.wa.edu.au/,3,0,3,loads_fine,"Site is reachable with a valid certificate and shows no sign of being JS-only -- the fill failure here is NOT explained by site infrastructure; likely a crawler/hub-detection or course-matching gap, or (rarely) a genuinely wrong website value -- needs manual verification.",
Louisiana Tech University,https://www.latech.edu/,3,0,3,loads_fine,"Site is reachable with a valid certificate and shows no sign of being JS-only -- the fill failure here is NOT explained by site infrastructure; likely a crawler/hub-detection or course-matching gap, or (rarely) a genuinely wrong website value -- needs manual verification.",
MECONSULTING GROUP PTY LTD,https://meconsulting.edu.au/,3,0,3,unreachable,"No response from the domain at all (DNS failure, connection refused, or timeout) -- likely a closed institution, expired domain, or wrong URL on file.",
MEGT Institute - MEGT,https://www.megt.com.au/,3,0,3,loads_fine,"Site is reachable with a valid certificate and shows no sign of being JS-only -- the fill failure here is NOT explained by site infrastructure; likely a crawler/hub-detection or course-matching gap, or (rarely) a genuinely wrong website value -- needs manual verification.",
Mulberry Institute Pty Ltd,https://mulberry.nsw.edu.au/,3,0,3,loads_fine,"Site is reachable with a valid certificate and shows no sign of being JS-only -- the fill failure here is NOT explained by site infrastructure; likely a crawler/hub-detection or course-matching gap, or (rarely) a genuinely wrong website value -- needs manual verification.",
Nextstar Training College Pty Ltd,https://nextstartrainingcollege.com.au/,3,0,3,loads_fine,"Site is reachable with a valid certificate and shows no sign of being JS-only -- the fill failure here is NOT explained by site infrastructure; likely a crawler/hub-detection or course-matching gap, or (rarely) a genuinely wrong website value -- needs manual verification.",
Oxford International Education Group,https://www.oxfordinternational.com/,3,0,3,loads_fine,"Site is reachable with a valid certificate and shows no sign of being JS-only -- the fill failure here is NOT explained by site infrastructure; likely a crawler/hub-detection or course-matching gap, or (rarely) a genuinely wrong website value -- needs manual verification.",
P & J WADE PTY. LIMITED,https://pjwade.edu.au/,3,0,3,unreachable,"No response from the domain at all (DNS failure, connection refused, or timeout) -- likely a closed institution, expired domain, or wrong URL on file.",
Pearson Aviation Pty Ltd,http://www.pearsonaviation.com.au/,3,0,3,unreachable,"No response from the domain at all (DNS failure, connection refused, or timeout) -- likely a closed institution, expired domain, or wrong URL on file.",
Platform 1 Group Pty Ltd,https://platform1.cx/,3,0,3,loads_fine,"Site is reachable with a valid certificate and shows no sign of being JS-only -- the fill failure here is NOT explained by site infrastructure; likely a crawler/hub-detection or course-matching gap, or (rarely) a genuinely wrong website value -- needs manual verification.",
Russo Business School Pty Ltd,https://www.rbs.qld.edu.au/,3,0,3,loads_fine,"Site is reachable with a valid certificate and shows no sign of being JS-only -- the fill failure here is NOT explained by site infrastructure; likely a crawler/hub-detection or course-matching gap, or (rarely) a genuinely wrong website value -- needs manual verification.",
Sheridan College at CCTT,https://sheridanatcctt.ca/,3,0,3,loads_fine,"Site is reachable with a valid certificate and shows no sign of being JS-only -- the fill failure here is NOT explained by site infrastructure; likely a crawler/hub-detection or course-matching gap, or (rarely) a genuinely wrong website value -- needs manual verification.",
Spores Education and Training Pty Ltd,https://aoncollege.edu.au/,3,0,3,unreachable,"No response from the domain at all (DNS failure, connection refused, or timeout) -- likely a closed institution, expired domain, or wrong URL on file.",
Stem House Pty Ltd,https://stemhouse.edu.au/,3,0,3,unreachable,"No response from the domain at all (DNS failure, connection refused, or timeout) -- likely a closed institution, expired domain, or wrong URL on file.",
TRADECRAFT ACADEMY PTY LTD,https://tradecraft.vic.edu.au/,3,0,3,unreachable,"No response from the domain at all (DNS failure, connection refused, or timeout) -- likely a closed institution, expired domain, or wrong URL on file.",
The Australian Ballet School,https://www.australianballetschool.com.au/,3,0,3,loads_fine,"Site is reachable with a valid certificate and shows no sign of being JS-only -- the fill failure here is NOT explained by site infrastructure; likely a crawler/hub-detection or course-matching gap, or (rarely) a genuinely wrong website value -- needs manual verification.",
Australian Baptist Education Inc,https://abe.edu.au/,3,1,2,loads_fine,"Site is reachable with a valid certificate and shows no sign of being JS-only -- the fill failure here is NOT explained by site infrastructure; likely a crawler/hub-detection or course-matching gap, or (rarely) a genuinely wrong website value -- needs manual verification.",
Cairns Christian College Limited,https://fcc.qld.edu.au/,3,1,2,loads_fine,"Site is reachable with a valid certificate and shows no sign of being JS-only -- the fill failure here is NOT explained by site infrastructure; likely a crawler/hub-detection or course-matching gap, or (rarely) a genuinely wrong website value -- needs manual verification.",
Christ Church Grammar School Inc,https://www.ccgs.wa.edu.au/,3,1,2,loads_fine,"Site is reachable with a valid certificate and shows no sign of being JS-only -- the fill failure here is NOT explained by site infrastructure; likely a crawler/hub-detection or course-matching gap, or (rarely) a genuinely wrong website value -- needs manual verification.",
St Hilda's Anglican School for Girls Inc.,https://www.sthildas.wa.edu.au/,3,1,2,bot_blocked,Site returns HTTP 403/406/429 to automated requests. The site itself is fine; scraping is being deliberately refused (often a WAF at large institutions).,
All Saints' College Inc.,https://www.allsaints.wa.edu.au/,3,2,1,loads_fine,"Site is reachable with a valid certificate and shows no sign of being JS-only -- the fill failure here is NOT explained by site infrastructure; likely a crawler/hub-detection or course-matching gap, or (rarely) a genuinely wrong website value -- needs manual verification.",
Australian Islamic College (Perth) Inc,https://www.aic.wa.edu.au/,3,2,1,bot_blocked,Site returns HTTP 403/406/429 to automated requests. The site itself is fine; scraping is being deliberately refused (often a WAF at large institutions).,
Baris Education and Culture Foundation Limited,https://www.amity.nsw.edu.au/,3,2,1,spa,"Site returns an empty HTML shell; real content only renders client-side in a browser (JavaScript), invisible to the crawler and to Serper alike.",
Board of Trustees of the Ipswich Girls' Grammar School,https://iggs.qld.edu.au/,3,2,1,loads_fine,"Site is reachable with a valid certificate and shows no sign of being JS-only -- the fill failure here is NOT explained by site infrastructure; likely a crawler/hub-detection or course-matching gap, or (rarely) a genuinely wrong website value -- needs manual verification.",
Board of Trustees of the Ipswich Grammar School,https://www.ipswichgrammar.com/,3,2,1,loads_fine,"Site is reachable with a valid certificate and shows no sign of being JS-only -- the fill failure here is NOT explained by site infrastructure; likely a crawler/hub-detection or course-matching gap, or (rarely) a genuinely wrong website value -- needs manual verification.",
Bunbury Cathedral Grammar School Inc,https://www.bcgs.wa.edu.au/,3,2,1,loads_fine,"Site is reachable with a valid certificate and shows no sign of being JS-only -- the fill failure here is NOT explained by site infrastructure; likely a crawler/hub-detection or course-matching gap, or (rarely) a genuinely wrong website value -- needs manual verification.",
Caloundra Christian College Limited,https://calcc.qld.edu.au/,3,2,1,loads_fine,"Site is reachable with a valid certificate and shows no sign of being JS-only -- the fill failure here is NOT explained by site infrastructure; likely a crawler/hub-detection or course-matching gap, or (rarely) a genuinely wrong website value -- needs manual verification.",
Christian Community Ministries Ltd,https://www.ccmschools.edu.au/,3,2,1,loads_fine,"Site is reachable with a valid certificate and shows no sign of being JS-only -- the fill failure here is NOT explained by site infrastructure; likely a crawler/hub-detection or course-matching gap, or (rarely) a genuinely wrong website value -- needs manual verification.",
Concordia College Inc,https://www.concordia.sa.edu.au/,3,2,1,loads_fine,"Site is reachable with a valid certificate and shows no sign of being JS-only -- the fill failure here is NOT explained by site infrastructure; likely a crawler/hub-detection or course-matching gap, or (rarely) a genuinely wrong website value -- needs manual verification.",
Coolum Beach Christian College Ltd,https://www.cbcc.qld.edu.au/,3,2,1,loads_fine,"Site is reachable with a valid certificate and shows no sign of being JS-only -- the fill failure here is NOT explained by site infrastructure; likely a crawler/hub-detection or course-matching gap, or (rarely) a genuinely wrong website value -- needs manual verification.",
Geraldton Grammar School Inc.,https://geraldtongrammarschool.wa.edu.au/,3,2,1,loads_fine,"Site is reachable with a valid certificate and shows no sign of being JS-only -- the fill failure here is NOT explained by site infrastructure; likely a crawler/hub-detection or course-matching gap, or (rarely) a genuinely wrong website value -- needs manual verification.",
Guildford Grammar School Inc,https://www.ggs.wa.edu.au/,3,2,1,loads_fine,"Site is reachable with a valid certificate and shows no sign of being JS-only -- the fill failure here is NOT explained by site infrastructure; likely a crawler/hub-detection or course-matching gap, or (rarely) a genuinely wrong website value -- needs manual verification.",
Heights College Ltd,https://heightscollege.com.au/,3,2,1,unreachable,"No response from the domain at all (DNS failure, connection refused, or timeout) -- likely a closed institution, expired domain, or wrong URL on file.",
Hellenic Community of WA Inc,https://hcwa.org/,3,2,1,spa,"Site returns an empty HTML shell; real content only renders client-side in a browser (JavaScript), invisible to the crawler and to Serper alike.",
Loreto College,https://www.loreto.vic.edu.au/,3,2,1,loads_fine,"Site is reachable with a valid certificate and shows no sign of being JS-only -- the fill failure here is NOT explained by site infrastructure; likely a crawler/hub-detection or course-matching gap, or (rarely) a genuinely wrong website value -- needs manual verification.",
Macquarie Grammar School - MGS,https://macquariegrammarschool.edu.au/,3,2,1,loads_fine,"Site is reachable with a valid certificate and shows no sign of being JS-only -- the fill failure here is NOT explained by site infrastructure; likely a crawler/hub-detection or course-matching gap, or (rarely) a genuinely wrong website value -- needs manual verification.",
Methodist Ladies' College,https://www.mlc.vic.edu.au/,3,2,1,loads_fine,"Site is reachable with a valid certificate and shows no sign of being JS-only -- the fill failure here is NOT explained by site infrastructure; likely a crawler/hub-detection or course-matching gap, or (rarely) a genuinely wrong website value -- needs manual verification.",
Nambour Christian College Ltd,https://www.ncc.qld.edu.au/,3,2,1,loads_fine,"Site is reachable with a valid certificate and shows no sign of being JS-only -- the fill failure here is NOT explained by site infrastructure; likely a crawler/hub-detection or course-matching gap, or (rarely) a genuinely wrong website value -- needs manual verification.",
Penrhos College,https://www.penrhos.wa.edu.au/,3,2,1,loads_fine,"Site is reachable with a valid certificate and shows no sign of being JS-only -- the fill failure here is NOT explained by site infrastructure; likely a crawler/hub-detection or course-matching gap, or (rarely) a genuinely wrong website value -- needs manual verification.",
Prescott College Southern,https://prescottsouthern.sa.edu.au/,3,2,1,loads_fine,"Site is reachable with a valid certificate and shows no sign of being JS-only -- the fill failure here is NOT explained by site infrastructure; likely a crawler/hub-detection or course-matching gap, or (rarely) a genuinely wrong website value -- needs manual verification.",
Pulteney Grammar School,https://www.pulteney.sa.edu.au/,3,2,1,bot_blocked,Site returns HTTP 403/406/429 to automated requests. The site itself is fine; scraping is being deliberately refused (often a WAF at large institutions).,
Seymour College Inc,https://www.seymour.sa.edu.au/,3,2,1,loads_fine,"Site is reachable with a valid certificate and shows no sign of being JS-only -- the fill failure here is NOT explained by site infrastructure; likely a crawler/hub-detection or course-matching gap, or (rarely) a genuinely wrong website value -- needs manual verification.",
Sheldon College Ltd,https://www.sheldoncollege.com/,3,2,1,loads_fine,"Site is reachable with a valid certificate and shows no sign of being JS-only -- the fill failure here is NOT explained by site infrastructure; likely a crawler/hub-detection or course-matching gap, or (rarely) a genuinely wrong website value -- needs manual verification.",
St Aloysius College,https://www.staloysius.nsw.edu.au/,3,2,1,bot_blocked,Site returns HTTP 403/406/429 to automated requests. The site itself is fine; scraping is being deliberately refused (often a WAF at large institutions).,
St John's Catholic College,https://www.stjohnsnt.catholic.edu.au/,3,2,1,loads_fine,"Site is reachable with a valid certificate and shows no sign of being JS-only -- the fill failure here is NOT explained by site infrastructure; likely a crawler/hub-detection or course-matching gap, or (rarely) a genuinely wrong website value -- needs manual verification.",
St John's Grammar School Inc,https://www.stjohns.sa.edu.au/,3,2,1,loads_fine,"Site is reachable with a valid certificate and shows no sign of being JS-only -- the fill failure here is NOT explained by site infrastructure; likely a crawler/hub-detection or course-matching gap, or (rarely) a genuinely wrong website value -- needs manual verification.",
St Peter's Collegiate Girls' School,https://www.stpetersgirls.sa.edu.au/,3,2,1,bot_blocked,Site returns HTTP 403/406/429 to automated requests. The site itself is fine; scraping is being deliberately refused (often a WAF at large institutions).,
Swan Christian Education Association Inc,https://www.scea.wa.edu.au/,3,2,1,unreachable,"No response from the domain at all (DNS failure, connection refused, or timeout) -- likely a closed institution, expired domain, or wrong URL on file.",
The Governors of Hale School,https://www.hale.wa.edu.au/,3,2,1,bot_blocked,Site returns HTTP 403/406/429 to automated requests. The site itself is fine; scraping is being deliberately refused (often a WAF at large institutions).,
The Uniting Church in Australia Property Trust (Q.),https://ucaqld.com.au/,3,2,1,loads_fine,"Site is reachable with a valid certificate and shows no sign of being JS-only -- the fill failure here is NOT explained by site infrastructure; likely a crawler/hub-detection or course-matching gap, or (rarely) a genuinely wrong website value -- needs manual verification.",
Waverley Christian College Inc,https://www.wcc.vic.edu.au/,3,2,1,loads_fine,"Site is reachable with a valid certificate and shows no sign of being JS-only -- the fill failure here is NOT explained by site infrastructure; likely a crawler/hub-detection or course-matching gap, or (rarely) a genuinely wrong website value -- needs manual verification.",
Wilderness School,https://www.wilderness.com.au/,3,2,1,loads_fine,"Site is reachable with a valid certificate and shows no sign of being JS-only -- the fill failure here is NOT explained by site infrastructure; likely a crawler/hub-detection or course-matching gap, or (rarely) a genuinely wrong website value -- needs manual verification.",
A B Paterson College Limited,https://www.abpat.qld.edu.au/,3,3,0,not_a_course_provider,Every row for this institution is excluded from search entirely (occupation-code / year-level / test-booking / inactive-marker rows) -- not a real course-search failure.,
All Souls St Gabriels School Inc,https://www.allsouls.qld.edu.au/,3,3,0,not_a_course_provider,Every row for this institution is excluded from search entirely (occupation-code / year-level / test-booking / inactive-marker rows) -- not a real course-search failure.,
Amity College Australia Limited,https://amity.nsw.edu.au/,3,3,0,not_a_course_provider,Every row for this institution is excluded from search entirely (occupation-code / year-level / test-booking / inactive-marker rows) -- not a real course-search failure.,
Anglican Schools Corporation,https://www.tasc.nsw.edu.au/,3,3,0,not_a_course_provider,Every row for this institution is excluded from search entirely (occupation-code / year-level / test-booking / inactive-marker rows) -- not a real course-search failure.,
Ascham School Ltd,https://www.ascham.nsw.edu.au/,3,3,0,not_a_course_provider,Every row for this institution is excluded from search entirely (occupation-code / year-level / test-booking / inactive-marker rows) -- not a real course-search failure.,
Association for Christian Education Inc.,https://www.ace.vic.edu.au/,3,3,0,not_a_course_provider,Every row for this institution is excluded from search entirely (occupation-code / year-level / test-booking / inactive-marker rows) -- not a real course-search failure.,
Australian Islamic College of Sydney,https://www.aics.nsw.edu.au/,3,3,0,not_a_course_provider,Every row for this institution is excluded from search entirely (occupation-code / year-level / test-booking / inactive-marker rows) -- not a real course-search failure.,
Bethel Christian School Limited,https://www.bethel.nsw.edu.au/,3,3,0,not_a_course_provider,Every row for this institution is excluded from search entirely (occupation-code / year-level / test-booking / inactive-marker rows) -- not a real course-search failure.,
Board of Trustees of the Brisbane Grammar School,https://www.brisbanegrammar.com/,3,3,0,not_a_course_provider,Every row for this institution is excluded from search entirely (occupation-code / year-level / test-booking / inactive-marker rows) -- not a real course-search failure.,
Board of Trustees of the Toowoomba Grammar School,https://www.twgs.qld.edu.au/,3,3,0,not_a_course_provider,Every row for this institution is excluded from search entirely (occupation-code / year-level / test-booking / inactive-marker rows) -- not a real course-search failure.,
Board of the Trustees of the Rockhampton Girls' Grammar School,https://www.rggs.qld.edu.au/,3,3,0,not_a_course_provider,Every row for this institution is excluded from search entirely (occupation-code / year-level / test-booking / inactive-marker rows) -- not a real course-search failure.,
Brisbane Christian College,https://brisbanechristiancollege.com.au/,3,3,0,not_a_course_provider,Every row for this institution is excluded from search entirely (occupation-code / year-level / test-booking / inactive-marker rows) -- not a real course-search failure.,
Calrossy Anglican School,https://www.calrossy.nsw.edu.au/,3,3,0,not_a_course_provider,Every row for this institution is excluded from search entirely (occupation-code / year-level / test-booking / inactive-marker rows) -- not a real course-search failure.,
Canterbury College Limited,https://canterbury.qld.edu.au/,3,3,0,not_a_course_provider,Every row for this institution is excluded from search entirely (occupation-code / year-level / test-booking / inactive-marker rows) -- not a real course-search failure.,
Coptic Orthodox Church (NSW) Property Trust,https://www.stmarks.nsw.edu.au/,3,3,0,not_a_course_provider,Every row for this institution is excluded from search entirely (occupation-code / year-level / test-booking / inactive-marker rows) -- not a real course-search failure.,
Diocese of Lismore Catholic Schools Limited,https://lism.catholic.edu.au/,3,3,0,not_a_course_provider,Every row for this institution is excluded from search entirely (occupation-code / year-level / test-booking / inactive-marker rows) -- not a real course-search failure.,
ETS (Nepal),https://www.ets.org/,3,3,0,not_a_course_provider,Every row for this institution is excluded from search entirely (occupation-code / year-level / test-booking / inactive-marker rows) -- not a real course-search failure.,
ETS (Nigeria),https://www.ets.org/,3,3,0,not_a_course_provider,Every row for this institution is excluded from search entirely (occupation-code / year-level / test-booking / inactive-marker rows) -- not a real course-search failure.,
ETS (Philippines),https://www.ets.org/,3,3,0,not_a_course_provider,Every row for this institution is excluded from search entirely (occupation-code / year-level / test-booking / inactive-marker rows) -- not a real course-search failure.,
ETS (Sri Lanka),https://www.ets.org/,3,3,0,not_a_course_provider,Every row for this institution is excluded from search entirely (occupation-code / year-level / test-booking / inactive-marker rows) -- not a real course-search failure.,
ETS (Thailand),https://www.ets.org/,3,3,0,not_a_course_provider,Every row for this institution is excluded from search entirely (occupation-code / year-level / test-booking / inactive-marker rows) -- not a real course-search failure.,
ETS (Vietnam),https://www.ets.org/,3,3,0,not_a_course_provider,Every row for this institution is excluded from search entirely (occupation-code / year-level / test-booking / inactive-marker rows) -- not a real course-search failure.,
Emmanuel Anglican College Council,https://eac.nsw.edu.au/,3,3,0,not_a_course_provider,Every row for this institution is excluded from search entirely (occupation-code / year-level / test-booking / inactive-marker rows) -- not a real course-search failure.,
Georges River Grammar School Ltd,https://www.grg.nsw.edu.au/,3,3,0,not_a_course_provider,Every row for this institution is excluded from search entirely (occupation-code / year-level / test-booking / inactive-marker rows) -- not a real course-search failure.,
HOWAYEK BLESSINGS LTD,https://mchf.nsw.edu.au/,3,3,0,not_a_course_provider,Every row for this institution is excluded from search entirely (occupation-code / year-level / test-booking / inactive-marker rows) -- not a real course-search failure.,
HUTCHINS SCHOOL BOARD OF MANAGEMENT,https://www.hutchins.tas.edu.au/,3,3,0,not_a_course_provider,Every row for this institution is excluded from search entirely (occupation-code / year-level / test-booking / inactive-marker rows) -- not a real course-search failure.,
Hillcrest Christian College Limited,https://www.hillcrest.vic.edu.au/,3,3,0,not_a_course_provider,Every row for this institution is excluded from search entirely (occupation-code / year-level / test-booking / inactive-marker rows) -- not a real course-search failure.,
Inspired Australia Holdings PTY LTD,https://i-edu.com.au/,3,3,0,not_a_course_provider,Every row for this institution is excluded from search entirely (occupation-code / year-level / test-booking / inactive-marker rows) -- not a real course-search failure.,
Kincoppal - Rose Bay School,https://www.krb.nsw.edu.au/,3,3,0,not_a_course_provider,Every row for this institution is excluded from search entirely (occupation-code / year-level / test-booking / inactive-marker rows) -- not a real course-search failure.,
King's Christian Education Ltd.,https://www.kings.edu.au/,3,3,0,not_a_course_provider,Every row for this institution is excluded from search entirely (occupation-code / year-level / test-booking / inactive-marker rows) -- not a real course-search failure.,
LAUNCESTON CHURCH GRAMMAR SCHOOL,https://www.lcgs.tas.edu.au/,3,3,0,not_a_course_provider,Every row for this institution is excluded from search entirely (occupation-code / year-level / test-booking / inactive-marker rows) -- not a real course-search failure.,
Loreto Normanhurst Limited,https://www.loretonh.nsw.edu.au/,3,3,0,not_a_course_provider,Every row for this institution is excluded from search entirely (occupation-code / year-level / test-booking / inactive-marker rows) -- not a real course-search failure.,
Lourdes Hill College,https://www.lhc.qld.edu.au/,3,3,0,not_a_course_provider,Every row for this institution is excluded from search entirely (occupation-code / year-level / test-booking / inactive-marker rows) -- not a real course-search failure.,
Meriden School,https://www.meriden.nsw.edu.au/,3,3,0,not_a_course_provider,Every row for this institution is excluded from search entirely (occupation-code / year-level / test-booking / inactive-marker rows) -- not a real course-search failure.,
Northside Christian College,https://www.northside.qld.edu.au/,3,3,0,not_a_course_provider,Every row for this institution is excluded from search entirely (occupation-code / year-level / test-booking / inactive-marker rows) -- not a real course-search failure.,
Ormond Primary School - OPS,http://www.ormondps.vic.edu.au/,3,3,0,not_a_course_provider,Every row for this institution is excluded from search entirely (occupation-code / year-level / test-booking / inactive-marker rows) -- not a real course-search failure.,
Pacific Group of Christian Schools Limited,https://www.pacificgroup.education/,3,3,0,not_a_course_provider,Every row for this institution is excluded from search entirely (occupation-code / year-level / test-booking / inactive-marker rows) -- not a real course-search failure.,
Perth College Inc,https://www.perthcollege.wa.edu.au/,3,3,0,not_a_course_provider,Every row for this institution is excluded from search entirely (occupation-code / year-level / test-booking / inactive-marker rows) -- not a real course-search failure.,
Presbyterian Church of Queensland,https://pmsa-schools.edu.au/,3,3,0,not_a_course_provider,Every row for this institution is excluded from search entirely (occupation-code / year-level / test-booking / inactive-marker rows) -- not a real course-search failure.,
Presbyterian and Methodist Schools Association,https://pmsa-schools.edu.au/,3,3,0,not_a_course_provider,Every row for this institution is excluded from search entirely (occupation-code / year-level / test-booking / inactive-marker rows) -- not a real course-search failure.,
Prescott College,https://www.prescott.sa.edu.au/,3,3,0,not_a_course_provider,Every row for this institution is excluded from search entirely (occupation-code / year-level / test-booking / inactive-marker rows) -- not a real course-search failure.,
Prince Alfred College Inc,https://www.pac.edu.au/,3,3,0,not_a_course_provider,Every row for this institution is excluded from search entirely (occupation-code / year-level / test-booking / inactive-marker rows) -- not a real course-search failure.,
Pymble Ladies' College,https://www.pymblelc.nsw.edu.au/,3,3,0,not_a_course_provider,Every row for this institution is excluded from search entirely (occupation-code / year-level / test-booking / inactive-marker rows) -- not a real course-search failure.,
Redeemer Baptist School Ltd,https://www.redeemer.com.au/,3,3,0,not_a_course_provider,Every row for this institution is excluded from search entirely (occupation-code / year-level / test-booking / inactive-marker rows) -- not a real course-search failure.,
Rivermount Education Ltd,https://www.rivermount.net/,3,3,0,not_a_course_provider,Every row for this institution is excluded from search entirely (occupation-code / year-level / test-booking / inactive-marker rows) -- not a real course-search failure.,
SCOTCH OAKBURN COLLEGE,https://www.soc.tas.edu.au/,3,3,0,not_a_course_provider,Every row for this institution is excluded from search entirely (occupation-code / year-level / test-booking / inactive-marker rows) -- not a real course-search failure.,
Seventh-Day Adventist Schools (South Queensland) Ltd,https://sq.adventist.org.au/,3,3,0,not_a_course_provider,Every row for this institution is excluded from search entirely (occupation-code / year-level / test-booking / inactive-marker rows) -- not a real course-search failure.,
Seventh-day Adventist Schools (Greater Sydney) Ltd,https://www.adventist.edu.au/,3,3,0,not_a_course_provider,Every row for this institution is excluded from search entirely (occupation-code / year-level / test-booking / inactive-marker rows) -- not a real course-search failure.,
Seventh-day Adventist Schools (South Queensland) Ltd,https://sq.adventist.org.au/,3,3,0,not_a_course_provider,Every row for this institution is excluded from search entirely (occupation-code / year-level / test-booking / inactive-marker rows) -- not a real course-search failure.,
St Aidan's School Council Ltd,https://www.staidans.qld.edu.au/,3,3,0,not_a_course_provider,Every row for this institution is excluded from search entirely (occupation-code / year-level / test-booking / inactive-marker rows) -- not a real course-search failure.,
St Dominic's Priory College,https://www.stdominics.sa.edu.au/,3,3,0,not_a_course_provider,Every row for this institution is excluded from search entirely (occupation-code / year-level / test-booking / inactive-marker rows) -- not a real course-search failure.,
St George College,https://sgc.sa.edu.au/,3,3,0,not_a_course_provider,Every row for this institution is excluded from search entirely (occupation-code / year-level / test-booking / inactive-marker rows) -- not a real course-search failure.,
St Margaret's Anglican Girls School,https://www.stmargarets.qld.edu.au/,3,3,0,not_a_course_provider,Every row for this institution is excluded from search entirely (occupation-code / year-level / test-booking / inactive-marker rows) -- not a real course-search failure.,
St Mary's Anglican Girls' School Inc,https://www.stmarys.wa.edu.au/,3,3,0,not_a_course_provider,Every row for this institution is excluded from search entirely (occupation-code / year-level / test-booking / inactive-marker rows) -- not a real course-search failure.,
St Philip's Christian Education Foundation Ltd,https://www.spcc.nsw.edu.au/,3,3,0,not_a_course_provider,Every row for this institution is excluded from search entirely (occupation-code / year-level / test-booking / inactive-marker rows) -- not a real course-search failure.,
St Stephen's School,https://www.ststephens.wa.edu.au/,3,3,0,not_a_course_provider,Every row for this institution is excluded from search entirely (occupation-code / year-level / test-booking / inactive-marker rows) -- not a real course-search failure.,
Stuartholme School,https://www.stuartholme.com/,3,3,0,not_a_course_provider,Every row for this institution is excluded from search entirely (occupation-code / year-level / test-booking / inactive-marker rows) -- not a real course-search failure.,
Sydney Church of England Grammar School Council,https://www.shore.nsw.edu.au/,3,3,0,not_a_course_provider,Every row for this institution is excluded from search entirely (occupation-code / year-level / test-booking / inactive-marker rows) -- not a real course-search failure.,
Tenison Woods College,https://www.tenison.catholic.edu.au/,3,3,0,not_a_course_provider,Every row for this institution is excluded from search entirely (occupation-code / year-level / test-booking / inactive-marker rows) -- not a real course-search failure.,
The Anglican Church of Australia Collegiate School of Saint Peter,https://www.stpeters.sa.edu.au/,3,3,0,not_a_course_provider,Every row for this institution is excluded from search entirely (occupation-code / year-level / test-booking / inactive-marker rows) -- not a real course-search failure.,
The Association for Christian Education of Blacktown Ltd,https://www.tyndale.edu.au/,3,3,0,not_a_course_provider,Every row for this institution is excluded from search entirely (occupation-code / year-level / test-booking / inactive-marker rows) -- not a real course-search failure.,
The Cathedral School of St Anne and St James,https://cathedral.qld.edu.au/,3,3,0,not_a_course_provider,Every row for this institution is excluded from search entirely (occupation-code / year-level / test-booking / inactive-marker rows) -- not a real course-search failure.,
The Council of Abbotsleigh,https://www.abbotsleigh.nsw.edu.au/,3,3,0,not_a_course_provider,Every row for this institution is excluded from search entirely (occupation-code / year-level / test-booking / inactive-marker rows) -- not a real course-search failure.,
The Council of Macarthur Anglican School,https://www.macarthur.nsw.edu.au/,3,3,0,not_a_course_provider,Every row for this institution is excluded from search entirely (occupation-code / year-level / test-booking / inactive-marker rows) -- not a real course-search failure.,
"The Council of St Catherine's School, Waverley",https://www.stcatherines.nsw.edu.au/,3,3,0,not_a_course_provider,Every row for this institution is excluded from search entirely (occupation-code / year-level / test-booking / inactive-marker rows) -- not a real course-search failure.,
The Council of Tara Anglican School for Girls,https://www.tara.nsw.edu.au/,3,3,0,not_a_course_provider,Every row for this institution is excluded from search entirely (occupation-code / year-level / test-booking / inactive-marker rows) -- not a real course-search failure.,
The Council of the King's School,https://www.kings.edu.au/,3,3,0,not_a_course_provider,Every row for this institution is excluded from search entirely (occupation-code / year-level / test-booking / inactive-marker rows) -- not a real course-search failure.,
The Greek Orthodox Parish & Community of Belmore & District All Saints Ltd,https://www.allsaints.nsw.edu.au/,3,3,0,not_a_course_provider,Every row for this institution is excluded from search entirely (occupation-code / year-level / test-booking / inactive-marker rows) -- not a real course-search failure.,
The Pittwater House Schools Ltd,https://www.pittwaterhouse.com.au/,3,3,0,not_a_course_provider,Every row for this institution is excluded from search entirely (occupation-code / year-level / test-booking / inactive-marker rows) -- not a real course-search failure.,
The Uniting Church in Australia Property Trust (Synod of Victoria and Tasmania),https://www.uca.org.au/,3,3,0,not_a_course_provider,Every row for this institution is excluded from search entirely (occupation-code / year-level / test-booking / inactive-marker rows) -- not a real course-search failure.,
Trustees of the Roman Catholic Church for the Diocese of Maitland-Newcastle,https://www.mn.catholic.edu.au/,3,3,0,not_a_course_provider,Every row for this institution is excluded from search entirely (occupation-code / year-level / test-booking / inactive-marker rows) -- not a real course-search failure.,
Villanova College,https://www.vnc.qld.edu.au/,3,3,0,not_a_course_provider,Every row for this institution is excluded from search entirely (occupation-code / year-level / test-booking / inactive-marker rows) -- not a real course-search failure.,
Walford Anglican School for Girls,https://walford.sa.edu.au/,3,3,0,not_a_course_provider,Every row for this institution is excluded from search entirely (occupation-code / year-level / test-booking / inactive-marker rows) -- not a real course-search failure.,
Wenona School Ltd,https://www.wenona.nsw.edu.au/,3,3,0,not_a_course_provider,Every row for this institution is excluded from search entirely (occupation-code / year-level / test-booking / inactive-marker rows) -- not a real course-search failure.,
Wesley College,https://www.wesleycollege.edu.au/,3,3,0,not_a_course_provider,Every row for this institution is excluded from search entirely (occupation-code / year-level / test-booking / inactive-marker rows) -- not a real course-search failure.,
Whitsunday Anglican School Limited,https://www.was.qld.edu.au/,3,3,0,not_a_course_provider,Every row for this institution is excluded from search entirely (occupation-code / year-level / test-booking / inactive-marker rows) -- not a real course-search failure.,
A2 Education Pty Ltd,https://a2education.com.au/,2,0,2,unreachable,"No response from the domain at all (DNS failure, connection refused, or timeout) -- likely a closed institution, expired domain, or wrong URL on file.",
AAPA VICTORIA PTY LTD,https://aapa.net.au/,2,0,2,other,Reachable but did not fall cleanly into another bucket (e.g. an unusual redirect chain) -- needs manual inspection.,
ADC,https://www.adc.org.au/,2,0,2,bot_blocked,Site returns HTTP 403/406/429 to automated requests. The site itself is fine; scraping is being deliberately refused (often a WAF at large institutions).,
APharmC,https://www.pharmacycouncil.org.au/,2,0,2,loads_fine,"Site is reachable with a valid certificate and shows no sign of being JS-only -- the fill failure here is NOT explained by site infrastructure; likely a crawler/hub-detection or course-matching gap, or (rarely) a genuinely wrong website value -- needs manual verification.",
Airlines of Tasmania Pty Ltd,https://www.paravion.com.au/,2,0,2,loads_fine,"Site is reachable with a valid certificate and shows no sign of being JS-only -- the fill failure here is NOT explained by site infrastructure; likely a crawler/hub-detection or course-matching gap, or (rarely) a genuinely wrong website value -- needs manual verification.",
Alexander Language School Pty Ltd,http://www.alexander.wa.edu.au/,2,0,2,unreachable,"No response from the domain at all (DNS failure, connection refused, or timeout) -- likely a closed institution, expired domain, or wrong URL on file.",
Altocap Pty Ltd,https://altec.edu.au/,2,0,2,loads_fine,"Site is reachable with a valid certificate and shows no sign of being JS-only -- the fill failure here is NOT explained by site infrastructure; likely a crawler/hub-detection or course-matching gap, or (rarely) a genuinely wrong website value -- needs manual verification.",
Amber International Aviation Academy Pty Ltd,https://amberaviation.com.au/,2,0,2,loads_fine,"Site is reachable with a valid certificate and shows no sign of being JS-only -- the fill failure here is NOT explained by site infrastructure; likely a crawler/hub-detection or course-matching gap, or (rarely) a genuinely wrong website value -- needs manual verification.",
Apple Study Group Pty Ltd,https://ssbt.edu.au/,2,0,2,loads_fine,"Site is reachable with a valid certificate and shows no sign of being JS-only -- the fill failure here is NOT explained by site infrastructure; likely a crawler/hub-detection or course-matching gap, or (rarely) a genuinely wrong website value -- needs manual verification.",
Auburn University (Shorelight Education),https://shorelight.com/,2,0,2,spa,"Site returns an empty HTML shell; real content only renders client-side in a browser (JavaScript), invisible to the crawler and to Serper alike.",
Aurora Institute of Australia Pty Ltd,https://www.aurorainstitute.edu.au/,2,0,2,loads_fine,"Site is reachable with a valid certificate and shows no sign of being JS-only -- the fill failure here is NOT explained by site infrastructure; likely a crawler/hub-detection or course-matching gap, or (rarely) a genuinely wrong website value -- needs manual verification.",
Australian Airline Pilot Academy Pty Ltd,https://aapa.net.au/,2,0,2,other,Reachable but did not fall cleanly into another bucket (e.g. an unusual redirect chain) -- needs manual inspection.,
Australian Center of English,https://www.ace.edu.au/,2,0,2,loads_fine,"Site is reachable with a valid certificate and shows no sign of being JS-only -- the fill failure here is NOT explained by site infrastructure; likely a crawler/hub-detection or course-matching gap, or (rarely) a genuinely wrong website value -- needs manual verification.",
Australian International College of English - AICE,https://www.aice.edu.au/,2,0,2,loads_fine,"Site is reachable with a valid certificate and shows no sign of being JS-only -- the fill failure here is NOT explained by site infrastructure; likely a crawler/hub-detection or course-matching gap, or (rarely) a genuinely wrong website value -- needs manual verification.",
Australian Technical Training Institute of Queensland Pty Ltd,https://attiqld.com.au/,2,0,2,loads_fine,"Site is reachable with a valid certificate and shows no sign of being JS-only -- the fill failure here is NOT explained by site infrastructure; likely a crawler/hub-detection or course-matching gap, or (rarely) a genuinely wrong website value -- needs manual verification.",
Australian Trade and Technical College Pty Ltd,https://attc.nsw.edu.au/,2,0,2,loads_fine,"Site is reachable with a valid certificate and shows no sign of being JS-only -- the fill failure here is NOT explained by site infrastructure; likely a crawler/hub-detection or course-matching gap, or (rarely) a genuinely wrong website value -- needs manual verification.",
Bangor University International College,https://www.oxfordinternational.com/,2,0,2,loads_fine,"Site is reachable with a valid certificate and shows no sign of being JS-only -- the fill failure here is NOT explained by site infrastructure; likely a crawler/hub-detection or course-matching gap, or (rarely) a genuinely wrong website value -- needs manual verification.",
Baruch College,https://www.baruch.cuny.edu/,2,0,2,loads_fine,"Site is reachable with a valid certificate and shows no sign of being JS-only -- the fill failure here is NOT explained by site infrastructure; likely a crawler/hub-detection or course-matching gap, or (rarely) a genuinely wrong website value -- needs manual verification.",
Becker Helicopter Services Pty Ltd,https://www.beckerhelicopters.com.au/,2,0,2,server_error,Site returns a 5xx/404 error -- likely transient or a broken deployment.,
Blue Mountains Academy Malaysia,https://bluemountains.edu.my/,2,0,2,loads_fine,"Site is reachable with a valid certificate and shows no sign of being JS-only -- the fill failure here is NOT explained by site infrastructure; likely a crawler/hub-detection or course-matching gap, or (rarely) a genuinely wrong website value -- needs manual verification.",
CASA,https://www.casa.gov.au/,2,0,2,other,Reachable but did not fall cleanly into another bucket (e.g. an unusual redirect chain) -- needs manual inspection.,
CHC Services Pty Ltd,https://chcservices.com.au/,2,0,2,loads_fine,"Site is reachable with a valid certificate and shows no sign of being JS-only -- the fill failure here is NOT explained by site infrastructure; likely a crawler/hub-detection or course-matching gap, or (rarely) a genuinely wrong website value -- needs manual verification.",
CMBA,https://www.chinesemedicineboard.gov.au/,2,0,2,loads_fine,"Site is reachable with a valid certificate and shows no sign of being JS-only -- the fill failure here is NOT explained by site infrastructure; likely a crawler/hub-detection or course-matching gap, or (rarely) a genuinely wrong website value -- needs manual verification.",
Charleston English,https://charleston.qld.edu.au/,2,0,2,unreachable,"No response from the domain at all (DNS failure, connection refused, or timeout) -- likely a closed institution, expired domain, or wrong URL on file.",
Children's Services Education - CSE,http://www.cs-education.com.au/,2,0,2,unreachable,"No response from the domain at all (DNS failure, connection refused, or timeout) -- likely a closed institution, expired domain, or wrong URL on file.",
College of Construction and Management Pty Ltd,https://ccm.edu.au/,2,0,2,loads_fine,"Site is reachable with a valid certificate and shows no sign of being JS-only -- the fill failure here is NOT explained by site infrastructure; likely a crawler/hub-detection or course-matching gap, or (rarely) a genuinely wrong website value -- needs manual verification.",
Core Training Pty Ltd,https://coretraining.edu.au/,2,0,2,unreachable,"No response from the domain at all (DNS failure, connection refused, or timeout) -- likely a closed institution, expired domain, or wrong URL on file.",
Cornzal Pty Ltd,https://cornzal.com.au/,2,0,2,bot_blocked,Site returns HTTP 403/406/429 to automated requests. The site itself is fine; scraping is being deliberately refused (often a WAF at large institutions).,
"EBEJER, THOMAS JOSEPH",http://www.orientalmedicine.com.au/,2,0,2,loads_fine,"Site is reachable with a valid certificate and shows no sign of being JS-only -- the fill failure here is NOT explained by site infrastructure; likely a crawler/hub-detection or course-matching gap, or (rarely) a genuinely wrong website value -- needs manual verification.",
Embassy English Sydney - EES,https://www.embassyenglish.com/,2,0,2,bot_blocked,Site returns HTTP 403/406/429 to automated requests. The site itself is fine; scraping is being deliberately refused (often a WAF at large institutions).,
English College of Adelaide - ECOA,http://www.eca-jca.edu.au/,2,0,2,unreachable,"No response from the domain at all (DNS failure, connection refused, or timeout) -- likely a closed institution, expired domain, or wrong URL on file.",
Esteem Educators Pty Ltd,https://novainstitute.edu.au/,2,0,2,unreachable,"No response from the domain at all (DNS failure, connection refused, or timeout) -- likely a closed institution, expired domain, or wrong URL on file.",
Global Education Institute (GEI),https://geinstitute.org/,2,0,2,loads_fine,"Site is reachable with a valid certificate and shows no sign of being JS-only -- the fill failure here is NOT explained by site infrastructure; likely a crawler/hub-detection or course-matching gap, or (rarely) a genuinely wrong website value -- needs manual verification.",
Global Institute of Health Sciences Pty Ltd,https://gihs.edu.au/,2,0,2,unreachable,"No response from the domain at all (DNS failure, connection refused, or timeout) -- likely a closed institution, expired domain, or wrong URL on file.",
Hamro Institute of Business Technology - HIBT,https://kingstoninstitute.edu.au/,2,0,2,unreachable,"No response from the domain at all (DNS failure, connection refused, or timeout) -- likely a closed institution, expired domain, or wrong URL on file.",
Highline College Student Visa Only,https://www.highline.edu/,2,0,2,loads_fine,"Site is reachable with a valid certificate and shows no sign of being JS-only -- the fill failure here is NOT explained by site infrastructure; likely a crawler/hub-detection or course-matching gap, or (rarely) a genuinely wrong website value -- needs manual verification.",
ISB Studienkollen,https://www.isbstudienkolleg.de/,2,0,2,other,Reachable but did not fall cleanly into another bucket (e.g. an unusual redirect chain) -- needs manual inspection.,
Imperial Engineering Education,https://imperial.edu.au/,2,0,2,loads_fine,"Site is reachable with a valid certificate and shows no sign of being JS-only -- the fill failure here is NOT explained by site infrastructure; likely a crawler/hub-detection or course-matching gap, or (rarely) a genuinely wrong website value -- needs manual verification.",
Intensive English Language Institute - IELI,https://ieli.sa.edu.au/,2,0,2,unreachable,"No response from the domain at all (DNS failure, connection refused, or timeout) -- likely a closed institution, expired domain, or wrong URL on file.",
International Education Group of Australia Pty Ltd,https://iedugroup.com.au/,2,0,2,bot_blocked,Site returns HTTP 403/406/429 to automated requests. The site itself is fine; scraping is being deliberately refused (often a WAF at large institutions).,
International Qualifications Assessment Service,https://www.alberta.ca/,2,0,2,loads_fine,"Site is reachable with a valid certificate and shows no sign of being JS-only -- the fill failure here is NOT explained by site infrastructure; likely a crawler/hub-detection or course-matching gap, or (rarely) a genuinely wrong website value -- needs manual verification.",
Kenvale College of Hospitality Cokkery & Events - KCHCE,https://kenvale.edu.au/,2,0,2,unreachable,"No response from the domain at all (DNS failure, connection refused, or timeout) -- likely a closed institution, expired domain, or wrong URL on file.",
Lifelong Learning Academy Pty Ltd,https://lll.edu.au/,2,0,2,bot_blocked,Site returns HTTP 403/406/429 to automated requests. The site itself is fine; scraping is being deliberately refused (often a WAF at large institutions).,
MSM Academy,https://msmacademy.eu/,2,0,2,loads_fine,"Site is reachable with a valid certificate and shows no sign of being JS-only -- the fill failure here is NOT explained by site infrastructure; likely a crawler/hub-detection or course-matching gap, or (rarely) a genuinely wrong website value -- needs manual verification.",
Melbourne Institute of Business and Commerce Pty Ltd,https://www.mibc.vic.edu.au/,2,0,2,loads_fine,"Site is reachable with a valid certificate and shows no sign of being JS-only -- the fill failure here is NOT explained by site infrastructure; likely a crawler/hub-detection or course-matching gap, or (rarely) a genuinely wrong website value -- needs manual verification.",
Momentum Consulting (Qld) Pty Ltd,https://www.momentumconsulting.com.au/,2,0,2,loads_fine,"Site is reachable with a valid certificate and shows no sign of being JS-only -- the fill failure here is NOT explained by site infrastructure; likely a crawler/hub-detection or course-matching gap, or (rarely) a genuinely wrong website value -- needs manual verification.",
NAATI,https://www.naati.com.au/,2,0,2,loads_fine,"Site is reachable with a valid certificate and shows no sign of being JS-only -- the fill failure here is NOT explained by site infrastructure; likely a crawler/hub-detection or course-matching gap, or (rarely) a genuinely wrong website value -- needs manual verification.",
NEWGEN EDUCATION,http://www.newgen.edu.au/,2,0,2,loads_fine,"Site is reachable with a valid certificate and shows no sign of being JS-only -- the fill failure here is NOT explained by site infrastructure; likely a crawler/hub-detection or course-matching gap, or (rarely) a genuinely wrong website value -- needs manual verification.",
New York Film Academy Australia Pty Ltd,https://www.nyfa.edu.au/,2,0,2,loads_fine,"Site is reachable with a valid certificate and shows no sign of being JS-only -- the fill failure here is NOT explained by site infrastructure; likely a crawler/hub-detection or course-matching gap, or (rarely) a genuinely wrong website value -- needs manual verification.",
Pollard English Language Centre Pty Ltd,https://www.pollardenglish.edu.au/,2,0,2,unreachable,"No response from the domain at all (DNS failure, connection refused, or timeout) -- likely a closed institution, expired domain, or wrong URL on file.",
Quantum Prime Pty Ltd,https://quantumprime.edu.au/,2,0,2,unreachable,"No response from the domain at all (DNS failure, connection refused, or timeout) -- likely a closed institution, expired domain, or wrong URL on file.",
Rayan Education Group Pty Ltd,https://rayan.edu.au/,2,0,2,unreachable,"No response from the domain at all (DNS failure, connection refused, or timeout) -- likely a closed institution, expired domain, or wrong URL on file.",
Reliable College of Nursing Pty Ltd,https://rcn.edu.au/,2,0,2,loads_fine,"Site is reachable with a valid certificate and shows no sign of being JS-only -- the fill failure here is NOT explained by site infrastructure; likely a crawler/hub-detection or course-matching gap, or (rarely) a genuinely wrong website value -- needs manual verification.",
Scientific Research Development Institute of Technology Australia Pty Ltd,https://www.srdita.com.au/,2,0,2,bot_blocked,Site returns HTTP 403/406/429 to automated requests. The site itself is fine; scraping is being deliberately refused (often a WAF at large institutions).,
Siam University,https://inter.siam.edu/,2,0,2,loads_fine,"Site is reachable with a valid certificate and shows no sign of being JS-only -- the fill failure here is NOT explained by site infrastructure; likely a crawler/hub-detection or course-matching gap, or (rarely) a genuinely wrong website value -- needs manual verification.",
Study Play Care Pty Ltd,https://spcbrisbane.qld.edu.au/,2,0,2,loads_fine,"Site is reachable with a valid certificate and shows no sign of being JS-only -- the fill failure here is NOT explained by site infrastructure; likely a crawler/hub-detection or course-matching gap, or (rarely) a genuinely wrong website value -- needs manual verification.",
Sydney Brighter Future Academy Pty Ltd,https://sbfa.edu.au/,2,0,2,unreachable,"No response from the domain at all (DNS failure, connection refused, or timeout) -- likely a closed institution, expired domain, or wrong URL on file.",
Sydney English Academy Pty Ltd,https://www.sea-english.com/,2,0,2,unreachable,"No response from the domain at all (DNS failure, connection refused, or timeout) -- likely a closed institution, expired domain, or wrong URL on file.",
Sydney Training Institute Incorporated,https://inspirecollege.com/,2,0,2,loads_fine,"Site is reachable with a valid certificate and shows no sign of being JS-only -- the fill failure here is NOT explained by site infrastructure; likely a crawler/hub-detection or course-matching gap, or (rarely) a genuinely wrong website value -- needs manual verification.",
TUT Training College Pty Ltd,https://tut.edu.au/,2,0,2,unreachable,"No response from the domain at all (DNS failure, connection refused, or timeout) -- likely a closed institution, expired domain, or wrong URL on file.",
The Academy of Interactive Entertainment Ltd,https://aie.edu.au/,2,0,2,loads_fine,"Site is reachable with a valid certificate and shows no sign of being JS-only -- the fill failure here is NOT explained by site infrastructure; likely a crawler/hub-detection or course-matching gap, or (rarely) a genuinely wrong website value -- needs manual verification.",
Trison College,http://www.trison.edu.au/,2,0,2,unreachable,"No response from the domain at all (DNS failure, connection refused, or timeout) -- likely a closed institution, expired domain, or wrong URL on file.",
Tristar Aviation Company Pty Ltd,https://tristaraviation.com.au/,2,0,2,bot_blocked,Site returns HTTP 403/406/429 to automated requests. The site itself is fine; scraping is being deliberately refused (often a WAF at large institutions).,
UP International College - UP,https://www.internationalcollege.ac.nz/,2,0,2,loads_fine,"Site is reachable with a valid certificate and shows no sign of being JS-only -- the fill failure here is NOT explained by site infrastructure; likely a crawler/hub-detection or course-matching gap, or (rarely) a genuinely wrong website value -- needs manual verification.",
Unison Education and Training Pty Ltd,https://unisoneducation.com.au/,2,0,2,loads_fine,"Site is reachable with a valid certificate and shows no sign of being JS-only -- the fill failure here is NOT explained by site infrastructure; likely a crawler/hub-detection or course-matching gap, or (rarely) a genuinely wrong website value -- needs manual verification.",
University of Liverpool International College (Kaplan Pathways),https://www.liverpool.ac.uk/,2,0,2,loads_fine,"Site is reachable with a valid certificate and shows no sign of being JS-only -- the fill failure here is NOT explained by site infrastructure; likely a crawler/hub-detection or course-matching gap, or (rarely) a genuinely wrong website value -- needs manual verification.",
University of Texas,https://www.utexas.edu/,2,0,2,loads_fine,"Site is reachable with a valid certificate and shows no sign of being JS-only -- the fill failure here is NOT explained by site infrastructure; likely a crawler/hub-detection or course-matching gap, or (rarely) a genuinely wrong website value -- needs manual verification.",
Valencia College,https://www.valenciacollege.edu/,2,0,2,loads_fine,"Site is reachable with a valid certificate and shows no sign of being JS-only -- the fill failure here is NOT explained by site infrastructure; likely a crawler/hub-detection or course-matching gap, or (rarely) a genuinely wrong website value -- needs manual verification.",
Victory Life International Bible Training Centre Incorporated,https://www.vlibtc.wa.edu.au/,2,0,2,loads_fine,"Site is reachable with a valid certificate and shows no sign of being JS-only -- the fill failure here is NOT explained by site infrastructure; likely a crawler/hub-detection or course-matching gap, or (rarely) a genuinely wrong website value -- needs manual verification.",
William Light Institute - WLI,https://www.ulgroup.com.au/,2,0,2,loads_fine,"Site is reachable with a valid certificate and shows no sign of being JS-only -- the fill failure here is NOT explained by site infrastructure; likely a crawler/hub-detection or course-matching gap, or (rarely) a genuinely wrong website value -- needs manual verification.",
ACT Government Education Directorate - ACT GOV,https://www.education.act.gov.au/,2,1,1,bot_blocked,Site returns HTTP 403/406/429 to automated requests. The site itself is fine; scraping is being deliberately refused (often a WAF at large institutions).,
Alphington Grammar School,https://www.alphington.vic.edu.au/,2,1,1,bot_blocked,Site returns HTTP 403/406/429 to automated requests. The site itself is fine; scraping is being deliberately refused (often a WAF at large institutions).,
Ballarat and Queen's Anglican Grammar School,https://www.bgs.vic.edu.au/,2,1,1,loads_fine,"Site is reachable with a valid certificate and shows no sign of being JS-only -- the fill failure here is NOT explained by site infrastructure; likely a crawler/hub-detection or course-matching gap, or (rarely) a genuinely wrong website value -- needs manual verification.",
Beaconhills Christian College Ltd,https://www.beaconhills.vic.edu.au/,2,1,1,bot_blocked,Site returns HTTP 403/406/429 to automated requests. The site itself is fine; scraping is being deliberately refused (often a WAF at large institutions).,
Billanook College Limited,https://www.billanook.vic.edu.au/,2,1,1,spa,"Site returns an empty HTML shell; real content only renders client-side in a browser (JavaScript), invisible to the crawler and to Serper alike.",
Brighton Grammar School,https://www.brightongrammar.vic.edu.au/,2,1,1,bot_blocked,Site returns HTTP 403/406/429 to automated requests. The site itself is fine; scraping is being deliberately refused (often a WAF at large institutions).,
Carey Baptist Grammar School Limited,https://www.carey.com.au/,2,1,1,spa,"Site returns an empty HTML shell; real content only renders client-side in a browser (JavaScript), invisible to the crawler and to Serper alike.",
Caulfield Grammar School,https://www.caulfieldgs.vic.edu.au/,2,1,1,loads_fine,"Site is reachable with a valid certificate and shows no sign of being JS-only -- the fill failure here is NOT explained by site infrastructure; likely a crawler/hub-detection or course-matching gap, or (rarely) a genuinely wrong website value -- needs manual verification.",
Christian Resource Ministries Incorporated,http://www.christianresourceministries.com/,2,1,1,broken_ssl,"Site is reachable but its TLS certificate chain fails standard validation, so no compliant client (crawler, curl, Serper) can connect at all.",
Covenant College Tuggeranong ACT Association Incorporated,https://www.covenant.act.edu.au/,2,1,1,loads_fine,"Site is reachable with a valid certificate and shows no sign of being JS-only -- the fill failure here is NOT explained by site infrastructure; likely a crawler/hub-detection or course-matching gap, or (rarely) a genuinely wrong website value -- needs manual verification.",
Eltham College,https://www.elthamcollege.vic.edu.au/,2,1,1,loads_fine,"Site is reachable with a valid certificate and shows no sign of being JS-only -- the fill failure here is NOT explained by site infrastructure; likely a crawler/hub-detection or course-matching gap, or (rarely) a genuinely wrong website value -- needs manual verification.",
Endeavour College Inc,https://www.eac.nsw.edu.au/,2,1,1,loads_fine,"Site is reachable with a valid certificate and shows no sign of being JS-only -- the fill failure here is NOT explained by site infrastructure; likely a crawler/hub-detection or course-matching gap, or (rarely) a genuinely wrong website value -- needs manual verification.",
Fintona Girls School,https://www.fintona.vic.edu.au/,2,1,1,loads_fine,"Site is reachable with a valid certificate and shows no sign of being JS-only -- the fill failure here is NOT explained by site infrastructure; likely a crawler/hub-detection or course-matching gap, or (rarely) a genuinely wrong website value -- needs manual verification.",
Firbank Grammar School,https://www.firbank.vic.edu.au/,2,1,1,bot_blocked,Site returns HTTP 403/406/429 to automated requests. The site itself is fine; scraping is being deliberately refused (often a WAF at large institutions).,
Genazzano FCJ College Limited,https://www.genazzano.vic.edu.au/,2,1,1,loads_fine,"Site is reachable with a valid certificate and shows no sign of being JS-only -- the fill failure here is NOT explained by site infrastructure; likely a crawler/hub-detection or course-matching gap, or (rarely) a genuinely wrong website value -- needs manual verification.",
Haileybury,https://www.haileybury.com.au/,2,1,1,loads_fine,"Site is reachable with a valid certificate and shows no sign of being JS-only -- the fill failure here is NOT explained by site infrastructure; likely a crawler/hub-detection or course-matching gap, or (rarely) a genuinely wrong website value -- needs manual verification.",
Heathdale Christian College Limited,https://www.heathdale.vic.edu.au/,2,1,1,loads_fine,"Site is reachable with a valid certificate and shows no sign of being JS-only -- the fill failure here is NOT explained by site infrastructure; likely a crawler/hub-detection or course-matching gap, or (rarely) a genuinely wrong website value -- needs manual verification.",
Kardinia International College (Geelong) Ltd,https://www.kardinia.vic.edu.au/,2,1,1,loads_fine,"Site is reachable with a valid certificate and shows no sign of being JS-only -- the fill failure here is NOT explained by site infrastructure; likely a crawler/hub-detection or course-matching gap, or (rarely) a genuinely wrong website value -- needs manual verification.",
Kennedy Baptist College Association Inc.,https://www.kennedy.wa.edu.au/,2,1,1,loads_fine,"Site is reachable with a valid certificate and shows no sign of being JS-only -- the fill failure here is NOT explained by site infrastructure; likely a crawler/hub-detection or course-matching gap, or (rarely) a genuinely wrong website value -- needs manual verification.",
Kilvington Grammar School Limited,https://www.kilvington.vic.edu.au/,2,1,1,loads_fine,"Site is reachable with a valid certificate and shows no sign of being JS-only -- the fill failure here is NOT explained by site infrastructure; likely a crawler/hub-detection or course-matching gap, or (rarely) a genuinely wrong website value -- needs manual verification.",
Kingswood College Limited,https://www.kingswood.vic.edu.au/,2,1,1,loads_fine,"Site is reachable with a valid certificate and shows no sign of being JS-only -- the fill failure here is NOT explained by site infrastructure; likely a crawler/hub-detection or course-matching gap, or (rarely) a genuinely wrong website value -- needs manual verification.",
Korowa Anglican Girls School,https://www.korowa.vic.edu.au/,2,1,1,loads_fine,"Site is reachable with a valid certificate and shows no sign of being JS-only -- the fill failure here is NOT explained by site infrastructure; likely a crawler/hub-detection or course-matching gap, or (rarely) a genuinely wrong website value -- needs manual verification.",
Lauriston Girls' School,https://www.lauriston.vic.edu.au/,2,1,1,loads_fine,"Site is reachable with a valid certificate and shows no sign of being JS-only -- the fill failure here is NOT explained by site infrastructure; likely a crawler/hub-detection or course-matching gap, or (rarely) a genuinely wrong website value -- needs manual verification.",
Marist Schools Australia Limited,https://msa.edu.au/,2,1,1,loads_fine,"Site is reachable with a valid certificate and shows no sign of being JS-only -- the fill failure here is NOT explained by site infrastructure; likely a crawler/hub-detection or course-matching gap, or (rarely) a genuinely wrong website value -- needs manual verification.",
Mentone Grammar School,https://www.mentonegrammar.net/,2,1,1,bot_blocked,Site returns HTTP 403/406/429 to automated requests. The site itself is fine; scraping is being deliberately refused (often a WAF at large institutions).,
Mercy Education Limited,https://www.mercy.edu.au/,2,1,1,loads_fine,"Site is reachable with a valid certificate and shows no sign of being JS-only -- the fill failure here is NOT explained by site infrastructure; likely a crawler/hub-detection or course-matching gap, or (rarely) a genuinely wrong website value -- needs manual verification.",
Methodist Ladies' College Limited,https://www.mlc.vic.edu.au/,2,1,1,loads_fine,"Site is reachable with a valid certificate and shows no sign of being JS-only -- the fill failure here is NOT explained by site infrastructure; likely a crawler/hub-detection or course-matching gap, or (rarely) a genuinely wrong website value -- needs manual verification.",
Presbyterian Ladies' College,https://www.plc.vic.edu.au/,2,1,1,loads_fine,"Site is reachable with a valid certificate and shows no sign of being JS-only -- the fill failure here is NOT explained by site infrastructure; likely a crawler/hub-detection or course-matching gap, or (rarely) a genuinely wrong website value -- needs manual verification.",
Ruyton,https://www.ruyton.vic.edu.au/,2,1,1,loads_fine,"Site is reachable with a valid certificate and shows no sign of being JS-only -- the fill failure here is NOT explained by site infrastructure; likely a crawler/hub-detection or course-matching gap, or (rarely) a genuinely wrong website value -- needs manual verification.",
Seventh-Day Adventist Schools (Victoria) Limited,https://asv.vic.edu.au/,2,1,1,spa,"Site returns an empty HTML shell; real content only renders client-side in a browser (JavaScript), invisible to the crawler and to Serper alike.",
Shelford Girls' Grammar,https://www.shelford.vic.edu.au/,2,1,1,unreachable,"No response from the domain at all (DNS failure, connection refused, or timeout) -- likely a closed institution, expired domain, or wrong URL on file.",
St Michael's Grammar School,https://www.stmichaels.vic.edu.au/,2,1,1,loads_fine,"Site is reachable with a valid certificate and shows no sign of being JS-only -- the fill failure here is NOT explained by site infrastructure; likely a crawler/hub-detection or course-matching gap, or (rarely) a genuinely wrong website value -- needs manual verification.",
St. Catherine's School,https://www.stcatherines.net.au/,2,1,1,bot_blocked,Site returns HTTP 403/406/429 to automated requests. The site itself is fine; scraping is being deliberately refused (often a WAF at large institutions).,
Sunshine Harvester Primary School,https://www.sunshineharvesterps.vic.edu.au/,2,1,1,loads_fine,"Site is reachable with a valid certificate and shows no sign of being JS-only -- the fill failure here is NOT explained by site infrastructure; likely a crawler/hub-detection or course-matching gap, or (rarely) a genuinely wrong website value -- needs manual verification.",
The Camberwell Grammar School,https://www.cgs.vic.edu.au/,2,1,1,loads_fine,"Site is reachable with a valid certificate and shows no sign of being JS-only -- the fill failure here is NOT explained by site infrastructure; likely a crawler/hub-detection or course-matching gap, or (rarely) a genuinely wrong website value -- needs manual verification.",
The Ivanhoe Girls Grammar School,https://www.ivanhoegirls.vic.edu.au/,2,1,1,loads_fine,"Site is reachable with a valid certificate and shows no sign of being JS-only -- the fill failure here is NOT explained by site infrastructure; likely a crawler/hub-detection or course-matching gap, or (rarely) a genuinely wrong website value -- needs manual verification.",
The Knox School Limited,https://www.knox.vic.edu.au/,2,1,1,loads_fine,"Site is reachable with a valid certificate and shows no sign of being JS-only -- the fill failure here is NOT explained by site infrastructure; likely a crawler/hub-detection or course-matching gap, or (rarely) a genuinely wrong website value -- needs manual verification.",
Tintern Grammar,https://www.tintern.vic.edu.au/,2,1,1,loads_fine,"Site is reachable with a valid certificate and shows no sign of being JS-only -- the fill failure here is NOT explained by site infrastructure; likely a crawler/hub-detection or course-matching gap, or (rarely) a genuinely wrong website value -- needs manual verification.",
Trinity College - North,https://www.trinity.sa.edu.au/,2,1,1,bot_blocked,Site returns HTTP 403/406/429 to automated requests. The site itself is fine; scraping is being deliberately refused (often a WAF at large institutions).,
Trinity College Senior School,https://www.trinity.sa.edu.au/,2,1,1,bot_blocked,Site returns HTTP 403/406/429 to automated requests. The site itself is fine; scraping is being deliberately refused (often a WAF at large institutions).,
Wallarano Primary School,https://wallarano-ps.vic.edu.au/,2,1,1,other,Reachable but did not fall cleanly into another bucket (e.g. an unusual redirect chain) -- needs manual inspection.,
Wesley College Melbourne,https://www.wesleycollege.edu.au/,2,1,1,bot_blocked,Site returns HTTP 403/406/429 to automated requests. The site itself is fine; scraping is being deliberately refused (often a WAF at large institutions).,
Westbourne Grammar School,https://www.westbourne.vic.edu.au/,2,1,1,loads_fine,"Site is reachable with a valid certificate and shows no sign of being JS-only -- the fill failure here is NOT explained by site infrastructure; likely a crawler/hub-detection or course-matching gap, or (rarely) a genuinely wrong website value -- needs manual verification.",
Yarra Valley Grammar School,https://www.yvg.vic.edu.au/,2,1,1,loads_fine,"Site is reachable with a valid certificate and shows no sign of being JS-only -- the fill failure here is NOT explained by site infrastructure; likely a crawler/hub-detection or course-matching gap, or (rarely) a genuinely wrong website value -- needs manual verification.",
Aintree Primary School,http://www.aintreeps.vic.edu.au/,2,2,0,not_a_course_provider,Every row for this institution is excluded from search entirely (occupation-code / year-level / test-booking / inactive-marker rows) -- not a real course-search failure.,
Australian Performing Arts Grammar School Limited,https://www.apgs.nsw.edu.au/,2,2,0,not_a_course_provider,Every row for this institution is excluded from search entirely (occupation-code / year-level / test-booking / inactive-marker rows) -- not a real course-search failure.,
Ballarat and Clarendon College,https://www.bcc.vic.edu.au/,2,2,0,not_a_course_provider,Every row for this institution is excluded from search entirely (occupation-code / year-level / test-booking / inactive-marker rows) -- not a real course-search failure.,
Bishop Druitt College Council Inc,https://www.bdc.nsw.edu.au/,2,2,0,not_a_course_provider,Every row for this institution is excluded from search entirely (occupation-code / year-level / test-booking / inactive-marker rows) -- not a real course-search failure.,
Blackfriars Priory School,https://www.blackfriars.sa.edu.au/,2,2,0,not_a_course_provider,Every row for this institution is excluded from search entirely (occupation-code / year-level / test-booking / inactive-marker rows) -- not a real course-search failure.,
Blue Mountains Grammar School Ltd,https://www.bmgs.nsw.edu.au/,2,2,0,not_a_course_provider,Every row for this institution is excluded from search entirely (occupation-code / year-level / test-booking / inactive-marker rows) -- not a real course-search failure.,
Clarence Valley Anglican School Council Inc,https://www.cvas.nsw.edu.au/,2,2,0,not_a_course_provider,Every row for this institution is excluded from search entirely (occupation-code / year-level / test-booking / inactive-marker rows) -- not a real course-search failure.,
College Board (Bangladesh),https://www.collegeboard.org/,2,2,0,not_a_course_provider,Every row for this institution is excluded from search entirely (occupation-code / year-level / test-booking / inactive-marker rows) -- not a real course-search failure.,
College Board (Bhutan),https://www.collegeboard.org/,2,2,0,not_a_course_provider,Every row for this institution is excluded from search entirely (occupation-code / year-level / test-booking / inactive-marker rows) -- not a real course-search failure.,
College Board (Cambodia),https://www.collegeboard.org/,2,2,0,not_a_course_provider,Every row for this institution is excluded from search entirely (occupation-code / year-level / test-booking / inactive-marker rows) -- not a real course-search failure.,
College Board (India),https://www.collegeboard.org/,2,2,0,not_a_course_provider,Every row for this institution is excluded from search entirely (occupation-code / year-level / test-booking / inactive-marker rows) -- not a real course-search failure.,
College Board (Indonesia),https://www.collegeboard.org/,2,2,0,not_a_course_provider,Every row for this institution is excluded from search entirely (occupation-code / year-level / test-booking / inactive-marker rows) -- not a real course-search failure.,
College Board (Kenya),https://www.collegeboard.org/,2,2,0,not_a_course_provider,Every row for this institution is excluded from search entirely (occupation-code / year-level / test-booking / inactive-marker rows) -- not a real course-search failure.,
College Board (Laos),https://www.collegeboard.org/,2,2,0,not_a_course_provider,Every row for this institution is excluded from search entirely (occupation-code / year-level / test-booking / inactive-marker rows) -- not a real course-search failure.,
College Board (Myanmar),https://www.collegeboard.org/,2,2,0,not_a_course_provider,Every row for this institution is excluded from search entirely (occupation-code / year-level / test-booking / inactive-marker rows) -- not a real course-search failure.,
College Board (Nigeria),https://www.collegeboard.org/,2,2,0,not_a_course_provider,Every row for this institution is excluded from search entirely (occupation-code / year-level / test-booking / inactive-marker rows) -- not a real course-search failure.,
College Board (Philippines),https://www.collegeboard.org/,2,2,0,not_a_course_provider,Every row for this institution is excluded from search entirely (occupation-code / year-level / test-booking / inactive-marker rows) -- not a real course-search failure.,
College Board (Sri Lanka),https://www.collegeboard.org/,2,2,0,not_a_course_provider,Every row for this institution is excluded from search entirely (occupation-code / year-level / test-booking / inactive-marker rows) -- not a real course-search failure.,
College Board (Thailand),https://www.collegeboard.org/,2,2,0,not_a_course_provider,Every row for this institution is excluded from search entirely (occupation-code / year-level / test-booking / inactive-marker rows) -- not a real course-search failure.,
College Board (Vietnam),https://www.collegeboard.org/,2,2,0,not_a_course_provider,Every row for this institution is excluded from search entirely (occupation-code / year-level / test-booking / inactive-marker rows) -- not a real course-search failure.,
Corporation of the Roman Catholic Diocese of Toowoomba,https://www.twb.catholic.edu.au/,2,2,0,not_a_course_provider,Every row for this institution is excluded from search entirely (occupation-code / year-level / test-booking / inactive-marker rows) -- not a real course-search failure.,
Cranbourne East Secondary College,http://www.cesc.vic.edu.au/,2,2,0,not_a_course_provider,Every row for this institution is excluded from search entirely (occupation-code / year-level / test-booking / inactive-marker rows) -- not a real course-search failure.,
Downlands College Ltd,https://www.downlands.qld.edu.au/,2,2,0,not_a_course_provider,Every row for this institution is excluded from search entirely (occupation-code / year-level / test-booking / inactive-marker rows) -- not a real course-search failure.,
Gippsland Grammar,https://www.gippslandgrammar.vic.edu.au/,2,2,0,not_a_course_provider,Every row for this institution is excluded from search entirely (occupation-code / year-level / test-booking / inactive-marker rows) -- not a real course-search failure.,
Haileybury Rendall School,https://www.haileybury.com.au/,2,2,0,not_a_course_provider,Every row for this institution is excluded from search entirely (occupation-code / year-level / test-booking / inactive-marker rows) -- not a real course-search failure.,
Immanuel College,https://www.immanuel.sa.edu.au/,2,2,0,not_a_course_provider,Every row for this institution is excluded from search entirely (occupation-code / year-level / test-booking / inactive-marker rows) -- not a real course-search failure.,
Kinross Wolaroi School,https://www.kws.nsw.edu.au/,2,2,0,not_a_course_provider,Every row for this institution is excluded from search entirely (occupation-code / year-level / test-booking / inactive-marker rows) -- not a real course-search failure.,
Knox Grammar School,https://www.knox.nsw.edu.au/,2,2,0,not_a_course_provider,Every row for this institution is excluded from search entirely (occupation-code / year-level / test-booking / inactive-marker rows) -- not a real course-search failure.,
Kooralbyn Campus Inc,https://www.tkis.qld.edu.au/,2,2,0,not_a_course_provider,Every row for this institution is excluded from search entirely (occupation-code / year-level / test-booking / inactive-marker rows) -- not a real course-search failure.,
Life Ministry Centre Limited,https://lifeministry.church/,2,2,0,not_a_course_provider,Every row for this institution is excluded from search entirely (occupation-code / year-level / test-booking / inactive-marker rows) -- not a real course-search failure.,
MERCY EDUCATION LIMITED,https://www.mercy.edu.au/,2,2,0,not_a_course_provider,Every row for this institution is excluded from search entirely (occupation-code / year-level / test-booking / inactive-marker rows) -- not a real course-search failure.,
Mackillop Catholic Regional College,https://www.mackillop.vic.edu.au/,2,2,0,not_a_course_provider,Every row for this institution is excluded from search entirely (occupation-code / year-level / test-booking / inactive-marker rows) -- not a real course-search failure.,
Melbourne Girls Grammar - An Anglican School,https://www.mggs.vic.edu.au/,2,2,0,not_a_course_provider,Every row for this institution is excluded from search entirely (occupation-code / year-level / test-booking / inactive-marker rows) -- not a real course-search failure.,
Ming-De International School Toowoomba Inc,https://www.ming-de.qld.edu.au/,2,2,0,not_a_course_provider,Every row for this institution is excluded from search entirely (occupation-code / year-level / test-booking / inactive-marker rows) -- not a real course-search failure.,
Mount Alvernia College Limited,https://www.mta.qld.edu.au/,2,2,0,not_a_course_provider,Every row for this institution is excluded from search entirely (occupation-code / year-level / test-booking / inactive-marker rows) -- not a real course-search failure.,
Newcastle Grammar School Ltd,https://ngs.nsw.edu.au/,2,2,0,not_a_course_provider,Every row for this institution is excluded from search entirely (occupation-code / year-level / test-booking / inactive-marker rows) -- not a real course-search failure.,
Ormiston College Ltd,https://www.ormistoncollege.com.au/,2,2,0,not_a_course_provider,Every row for this institution is excluded from search entirely (occupation-code / year-level / test-booking / inactive-marker rows) -- not a real course-search failure.,
Our Lady of the Sacred Heart College,https://olshkensington.syd.catholic.edu.au/,2,2,0,not_a_course_provider,Every row for this institution is excluded from search entirely (occupation-code / year-level / test-booking / inactive-marker rows) -- not a real course-search failure.,
Redlands College Ltd,https://www.redlands.nsw.edu.au/,2,2,0,not_a_course_provider,Every row for this institution is excluded from search entirely (occupation-code / year-level / test-booking / inactive-marker rows) -- not a real course-search failure.,
Rosebank College,https://www.rosebank.nsw.edu.au/,2,2,0,not_a_course_provider,Every row for this institution is excluded from search entirely (occupation-code / year-level / test-booking / inactive-marker rows) -- not a real course-search failure.,
Saint Ignatius' College,https://www.ignatius.sa.edu.au/,2,2,0,not_a_course_provider,Every row for this institution is excluded from search entirely (occupation-code / year-level / test-booking / inactive-marker rows) -- not a real course-search failure.,
St Patrick's College Townsville Limited,https://www.stpatscollege.qld.edu.au/,2,2,0,not_a_course_provider,Every row for this institution is excluded from search entirely (occupation-code / year-level / test-booking / inactive-marker rows) -- not a real course-search failure.,
St Scholastica's College,https://www.scholastica.nsw.edu.au/,2,2,0,not_a_course_provider,Every row for this institution is excluded from search entirely (occupation-code / year-level / test-booking / inactive-marker rows) -- not a real course-search failure.,
Sydney Catholic Schools Ltd as Trustee for the Sydney Catholic Schools Trust,https://syd.catholic.edu.au/,2,2,0,not_a_course_provider,Every row for this institution is excluded from search entirely (occupation-code / year-level / test-booking / inactive-marker rows) -- not a real course-search failure.,
THE ATHENA SCHOOL LIMITED,https://www.athena.nsw.edu.au/,2,2,0,not_a_course_provider,Every row for this institution is excluded from search entirely (occupation-code / year-level / test-booking / inactive-marker rows) -- not a real course-search failure.,
The Corporation of the Roman Catholic Diocese of Toowoomba,https://www.twb.catholic.edu.au/,2,2,0,not_a_course_provider,Every row for this institution is excluded from search entirely (occupation-code / year-level / test-booking / inactive-marker rows) -- not a real course-search failure.,
The Peninsula School,https://www.tps.vic.edu.au/,2,2,0,not_a_course_provider,Every row for this institution is excluded from search entirely (occupation-code / year-level / test-booking / inactive-marker rows) -- not a real course-search failure.,
The Roman Catholic Trust Corporation for the Diocese of Cairns,https://cairns.catholic.org.au/,2,2,0,not_a_course_provider,Every row for this institution is excluded from search entirely (occupation-code / year-level / test-booking / inactive-marker rows) -- not a real course-search failure.,
The Roman Catholic Trust Corporation for the Diocese of Rockhampton,https://rok.catholic.net.au/,2,2,0,not_a_course_provider,Every row for this institution is excluded from search entirely (occupation-code / year-level / test-booking / inactive-marker rows) -- not a real course-search failure.,
The William Branwhite Clarke College Council,https://www.wcc.nsw.edu.au/,2,2,0,not_a_course_provider,Every row for this institution is excluded from search entirely (occupation-code / year-level / test-booking / inactive-marker rows) -- not a real course-search failure.,
Toorak College,https://www.toorakcollege.vic.edu.au/,2,2,0,not_a_course_provider,Every row for this institution is excluded from search entirely (occupation-code / year-level / test-booking / inactive-marker rows) -- not a real course-search failure.,
AASW,https://www.aasw.asn.au/,1,0,1,bot_blocked,Site returns HTTP 403/406/429 to automated requests. The site itself is fine; scraping is being deliberately refused (often a WAF at large institutions).,
ACPSEM,https://www.acpsem.org.au/,1,0,1,loads_fine,"Site is reachable with a valid certificate and shows no sign of being JS-only -- the fill failure here is NOT explained by site infrastructure; likely a crawler/hub-detection or course-matching gap, or (rarely) a genuinely wrong website value -- needs manual verification.",
AIQS,https://www.aiqs.com.au/,1,0,1,loads_fine,"Site is reachable with a valid certificate and shows no sign of being JS-only -- the fill failure here is NOT explained by site infrastructure; likely a crawler/hub-detection or course-matching gap, or (rarely) a genuinely wrong website value -- needs manual verification.",
AOAC,https://www.osteopathiccouncil.org.au/,1,0,1,loads_fine,"Site is reachable with a valid certificate and shows no sign of being JS-only -- the fill failure here is NOT explained by site infrastructure; likely a crawler/hub-detection or course-matching gap, or (rarely) a genuinely wrong website value -- needs manual verification.",
AOPA,https://www.aopa.org.au/,1,0,1,loads_fine,"Site is reachable with a valid certificate and shows no sign of being JS-only -- the fill failure here is NOT explained by site infrastructure; likely a crawler/hub-detection or course-matching gap, or (rarely) a genuinely wrong website value -- needs manual verification.",
AVBC,https://www.avbc.asn.au/,1,0,1,loads_fine,"Site is reachable with a valid certificate and shows no sign of being JS-only -- the fill failure here is NOT explained by site infrastructure; likely a crawler/hub-detection or course-matching gap, or (rarely) a genuinely wrong website value -- needs manual verification.",
Academy IT Pty Ltd,https://www.academyit.com.au/,1,0,1,loads_fine,"Site is reachable with a valid certificate and shows no sign of being JS-only -- the fill failure here is NOT explained by site infrastructure; likely a crawler/hub-detection or course-matching gap, or (rarely) a genuinely wrong website value -- needs manual verification.",
Adelaide International School,https://www.ais.sa.edu.au/,1,0,1,loads_fine,"Site is reachable with a valid certificate and shows no sign of being JS-only -- the fill failure here is NOT explained by site infrastructure; likely a crawler/hub-detection or course-matching gap, or (rarely) a genuinely wrong website value -- needs manual verification.",
Aeropower Pty Ltd,https://aeropower.com.au/,1,0,1,loads_fine,"Site is reachable with a valid certificate and shows no sign of being JS-only -- the fill failure here is NOT explained by site infrastructure; likely a crawler/hub-detection or course-matching gap, or (rarely) a genuinely wrong website value -- needs manual verification.",
Australian Guild of Education Pty Ltd,https://guildmusic.edu.au/,1,0,1,loads_fine,"Site is reachable with a valid certificate and shows no sign of being JS-only -- the fill failure here is NOT explained by site infrastructure; likely a crawler/hub-detection or course-matching gap, or (rarely) a genuinely wrong website value -- needs manual verification.",
Australian Language Centre- ALC,https://www.alc.edu.au/,1,0,1,loads_fine,"Site is reachable with a valid certificate and shows no sign of being JS-only -- the fill failure here is NOT explained by site infrastructure; likely a crawler/hub-detection or course-matching gap, or (rarely) a genuinely wrong website value -- needs manual verification.",
Australian National College (ANC),https://anc.vic.edu.au/,1,0,1,loads_fine,"Site is reachable with a valid certificate and shows no sign of being JS-only -- the fill failure here is NOT explained by site infrastructure; likely a crawler/hub-detection or course-matching gap, or (rarely) a genuinely wrong website value -- needs manual verification.",
Australian School of Business Pty Ltd,https://asbt.com.au/,1,0,1,loads_fine,"Site is reachable with a valid certificate and shows no sign of being JS-only -- the fill failure here is NOT explained by site infrastructure; likely a crawler/hub-detection or course-matching gap, or (rarely) a genuinely wrong website value -- needs manual verification.",
Australian Skills Higher Academy Pty Ltd,https://asha.edu.au/,1,0,1,unreachable,"No response from the domain at all (DNS failure, connection refused, or timeout) -- likely a closed institution, expired domain, or wrong URL on file.",
Ball State University,https://www.bsu.edu/,1,0,1,loads_fine,"Site is reachable with a valid certificate and shows no sign of being JS-only -- the fill failure here is NOT explained by site infrastructure; likely a crawler/hub-detection or course-matching gap, or (rarely) a genuinely wrong website value -- needs manual verification.",
Bankstown Helicopters Pty Ltd,https://bankstownhelicopters.com.au/,1,0,1,other,Reachable but did not fall cleanly into another bucket (e.g. an unusual redirect chain) -- needs manual inspection.,
Baruch College Student Visa Only,https://www.baruch.cuny.edu/,1,0,1,loads_fine,"Site is reachable with a valid certificate and shows no sign of being JS-only -- the fill failure here is NOT explained by site infrastructure; likely a crawler/hub-detection or course-matching gap, or (rarely) a genuinely wrong website value -- needs manual verification.",
Brisford College,https://www.brisford.edu.au/,1,0,1,spa,"Site returns an empty HTML shell; real content only renders client-side in a browser (JavaScript), invisible to the crawler and to Serper alike.",
CCBC Catonsville,https://www.ccbcmd.edu/,1,0,1,loads_fine,"Site is reachable with a valid certificate and shows no sign of being JS-only -- the fill failure here is NOT explained by site infrastructure; likely a crawler/hub-detection or course-matching gap, or (rarely) a genuinely wrong website value -- needs manual verification.",
CCBC Catonsville Student Visa Only,https://www.ccbcmd.edu/,1,0,1,loads_fine,"Site is reachable with a valid certificate and shows no sign of being JS-only -- the fill failure here is NOT explained by site infrastructure; likely a crawler/hub-detection or course-matching gap, or (rarely) a genuinely wrong website value -- needs manual verification.",
CCEA,https://www.ccea.com.au/,1,0,1,loads_fine,"Site is reachable with a valid certificate and shows no sign of being JS-only -- the fill failure here is NOT explained by site infrastructure; likely a crawler/hub-detection or course-matching gap, or (rarely) a genuinely wrong website value -- needs manual verification.",
California Lutheran University,https://www.callutheran.edu/,1,0,1,loads_fine,"Site is reachable with a valid certificate and shows no sign of being JS-only -- the fill failure here is NOT explained by site infrastructure; likely a crawler/hub-detection or course-matching gap, or (rarely) a genuinely wrong website value -- needs manual verification.",
Chabad Institutions of Victoria Limited,https://www.chabad.org.au/,1,0,1,loads_fine,"Site is reachable with a valid certificate and shows no sign of being JS-only -- the fill failure here is NOT explained by site infrastructure; likely a crawler/hub-detection or course-matching gap, or (rarely) a genuinely wrong website value -- needs manual verification.",
Charles University,https://cuni.cz/,1,0,1,loads_fine,"Site is reachable with a valid certificate and shows no sign of being JS-only -- the fill failure here is NOT explained by site infrastructure; likely a crawler/hub-detection or course-matching gap, or (rarely) a genuinely wrong website value -- needs manual verification.",
Chichester College Group,https://www.chigroup.ac.uk/,1,0,1,bot_blocked,Site returns HTTP 403/406/429 to automated requests. The site itself is fine; scraping is being deliberately refused (often a WAF at large institutions).,
Christbridge Academy,https://www.christbridge.net/,1,0,1,unreachable,"No response from the domain at all (DNS failure, connection refused, or timeout) -- likely a closed institution, expired domain, or wrong URL on file.",
Clovelly Park Primary School,https://www.clovellyps.sa.edu.au/,1,0,1,loads_fine,"Site is reachable with a valid certificate and shows no sign of being JS-only -- the fill failure here is NOT explained by site infrastructure; likely a crawler/hub-detection or course-matching gap, or (rarely) a genuinely wrong website value -- needs manual verification.",
Community College of Allegheny County North Campus Student Visa Only,https://www.ccac.edu/,1,0,1,loads_fine,"Site is reachable with a valid certificate and shows no sign of being JS-only -- the fill failure here is NOT explained by site infrastructure; likely a crawler/hub-detection or course-matching gap, or (rarely) a genuinely wrong website value -- needs manual verification.",
Comparative Education Service,https://learn.utoronto.ca/,1,0,1,loads_fine,"Site is reachable with a valid certificate and shows no sign of being JS-only -- the fill failure here is NOT explained by site infrastructure; likely a crawler/hub-detection or course-matching gap, or (rarely) a genuinely wrong website value -- needs manual verification.",
Complete Learning Solutions Pty Ltd,https://completelearningsolutions.com/,1,0,1,loads_fine,"Site is reachable with a valid certificate and shows no sign of being JS-only -- the fill failure here is NOT explained by site infrastructure; likely a crawler/hub-detection or course-matching gap, or (rarely) a genuinely wrong website value -- needs manual verification.",
Concordia College - St Peters Campus Blackwood,https://www.concordia.sa.edu.au/,1,0,1,loads_fine,"Site is reachable with a valid certificate and shows no sign of being JS-only -- the fill failure here is NOT explained by site infrastructure; likely a crawler/hub-detection or course-matching gap, or (rarely) a genuinely wrong website value -- needs manual verification.",
Cultural Connections Institute - The Learning Exchange,https://cci-lex.ca/,1,0,1,loads_fine,"Site is reachable with a valid certificate and shows no sign of being JS-only -- the fill failure here is NOT explained by site infrastructure; likely a crawler/hub-detection or course-matching gap, or (rarely) a genuinely wrong website value -- needs manual verification.",
DAA,https://www.daa.asn.au/,1,0,1,loads_fine,"Site is reachable with a valid certificate and shows no sign of being JS-only -- the fill failure here is NOT explained by site infrastructure; likely a crawler/hub-detection or course-matching gap, or (rarely) a genuinely wrong website value -- needs manual verification.",
Dublin International Foundation College,https://www.difc.ie/,1,0,1,other,Reachable but did not fall cleanly into another bucket (e.g. an unusual redirect chain) -- needs manual inspection.,
Edgars Creek Secondary College,https://www.edgarscreeksc.vic.edu.au/,1,0,1,loads_fine,"Site is reachable with a valid certificate and shows no sign of being JS-only -- the fill failure here is NOT explained by site infrastructure; likely a crawler/hub-detection or course-matching gap, or (rarely) a genuinely wrong website value -- needs manual verification.",
Ella Bache College Pty Ltd,https://www.ellabache.com.au/,1,0,1,loads_fine,"Site is reachable with a valid certificate and shows no sign of being JS-only -- the fill failure here is NOT explained by site infrastructure; likely a crawler/hub-detection or course-matching gap, or (rarely) a genuinely wrong website value -- needs manual verification.",
Empire Institute of Education - EIE,http://www.empire.edu.au/,1,0,1,unreachable,"No response from the domain at all (DNS failure, connection refused, or timeout) -- likely a closed institution, expired domain, or wrong URL on file.",
English Teaching College,https://www.etc.edu.au/,1,0,1,loads_fine,"Site is reachable with a valid certificate and shows no sign of being JS-only -- the fill failure here is NOT explained by site infrastructure; likely a crawler/hub-detection or course-matching gap, or (rarely) a genuinely wrong website value -- needs manual verification.",
Evergreen Valley College,https://www.evc.edu/,1,0,1,loads_fine,"Site is reachable with a valid certificate and shows no sign of being JS-only -- the fill failure here is NOT explained by site infrastructure; likely a crawler/hub-detection or course-matching gap, or (rarely) a genuinely wrong website value -- needs manual verification.",
Expert Education (Migration),https://experteducation.com/,1,0,1,loads_fine,"Site is reachable with a valid certificate and shows no sign of being JS-only -- the fill failure here is NOT explained by site infrastructure; likely a crawler/hub-detection or course-matching gap, or (rarely) a genuinely wrong website value -- needs manual verification.",
Explore English - EE,https://www.exploreenglish.edu.au/,1,0,1,server_error,Site returns a 5xx/404 error -- likely transient or a broken deployment.,
Express Entry,https://www.canada.ca/,1,0,1,other,Reachable but did not fall cleanly into another bucket (e.g. an unusual redirect chain) -- needs manual inspection.,
Futuristics Training & Education Australia (QLD),http://www.futuristics.edu.au/,1,0,1,unreachable,"No response from the domain at all (DNS failure, connection refused, or timeout) -- likely a closed institution, expired domain, or wrong URL on file.",
Gateway Community College Student Visa Only,https://www.gatewaycc.edu/,1,0,1,bot_blocked,Site returns HTTP 403/406/429 to automated requests. The site itself is fine; scraping is being deliberately refused (often a WAF at large institutions).,
Glendale Community College Student Visa Only,https://www.glendale.edu/,1,0,1,loads_fine,"Site is reachable with a valid certificate and shows no sign of being JS-only -- the fill failure here is NOT explained by site infrastructure; likely a crawler/hub-detection or course-matching gap, or (rarely) a genuinely wrong website value -- needs manual verification.",
Glenwood High School,http://www.glenwood-h.schools.nsw.edu.au/,1,0,1,other,Reachable but did not fall cleanly into another bucket (e.g. an unusual redirect chain) -- needs manual inspection.,
Golden West College - GWC,https://www.goldenwestcollege.edu/,1,0,1,loads_fine,"Site is reachable with a valid certificate and shows no sign of being JS-only -- the fill failure here is NOT explained by site infrastructure; likely a crawler/hub-detection or course-matching gap, or (rarely) a genuinely wrong website value -- needs manual verification.",
Golders Green College,https://www.englishlanguagecollege.co.uk/,1,0,1,bot_blocked,Site returns HTTP 403/406/429 to automated requests. The site itself is fine; scraping is being deliberately refused (often a WAF at large institutions).,
Green Academy Pty Ltd,https://academygreen.edu.au/,1,0,1,bot_blocked,Site returns HTTP 403/406/429 to automated requests. The site itself is fine; scraping is being deliberately refused (often a WAF at large institutions).,
Green River College Student Visa Only,https://www.greenriver.edu/,1,0,1,loads_fine,"Site is reachable with a valid certificate and shows no sign of being JS-only -- the fill failure here is NOT explained by site infrastructure; likely a crawler/hub-detection or course-matching gap, or (rarely) a genuinely wrong website value -- needs manual verification.",
HCUC,https://www.hruc.ac.uk/,1,0,1,loads_fine,"Site is reachable with a valid certificate and shows no sign of being JS-only -- the fill failure here is NOT explained by site infrastructure; likely a crawler/hub-detection or course-matching gap, or (rarely) a genuinely wrong website value -- needs manual verification.",
Harvard Management Institute,https://hi-edu.au/,1,0,1,loads_fine,"Site is reachable with a valid certificate and shows no sign of being JS-only -- the fill failure here is NOT explained by site infrastructure; likely a crawler/hub-detection or course-matching gap, or (rarely) a genuinely wrong website value -- needs manual verification.",
Heubert Technologies,https://heubert.com/,1,0,1,spa,"Site returns an empty HTML shell; real content only renders client-side in a browser (JavaScript), invisible to the crawler and to Serper alike.",
Highton Primary School,https://www.hightonps.vic.edu.au/,1,0,1,loads_fine,"Site is reachable with a valid certificate and shows no sign of being JS-only -- the fill failure here is NOT explained by site infrastructure; likely a crawler/hub-detection or course-matching gap, or (rarely) a genuinely wrong website value -- needs manual verification.",
IMAN (Visa Application),https://www.iman4immigration.ca/,1,0,1,loads_fine,"Site is reachable with a valid certificate and shows no sign of being JS-only -- the fill failure here is NOT explained by site infrastructure; likely a crawler/hub-detection or course-matching gap, or (rarely) a genuinely wrong website value -- needs manual verification.",
Intellect English Pty Ltd,https://intellectenglish.com.au/,1,0,1,loads_fine,"Site is reachable with a valid certificate and shows no sign of being JS-only -- the fill failure here is NOT explained by site infrastructure; likely a crawler/hub-detection or course-matching gap, or (rarely) a genuinely wrong website value -- needs manual verification.",
International College Robert Gordon University Aberdeen,https://icrgu.navitas.com/,1,0,1,loads_fine,"Site is reachable with a valid certificate and shows no sign of being JS-only -- the fill failure here is NOT explained by site infrastructure; likely a crawler/hub-detection or course-matching gap, or (rarely) a genuinely wrong website value -- needs manual verification.",
International College of Auckland,https://ica.ac.nz/,1,0,1,loads_fine,"Site is reachable with a valid certificate and shows no sign of being JS-only -- the fill failure here is NOT explained by site infrastructure; likely a crawler/hub-detection or course-matching gap, or (rarely) a genuinely wrong website value -- needs manual verification.",
International Medical University - IMU,https://imu.edu.my/,1,0,1,bot_blocked,Site returns HTTP 403/406/429 to automated requests. The site itself is fine; scraping is being deliberately refused (often a WAF at large institutions).,
Kasetsart University International College,https://kuic.ku.ac.th/,1,0,1,loads_fine,"Site is reachable with a valid certificate and shows no sign of being JS-only -- the fill failure here is NOT explained by site infrastructure; likely a crawler/hub-detection or course-matching gap, or (rarely) a genuinely wrong website value -- needs manual verification.",
Kool Kids Training College,https://kktc.com.au/,1,0,1,loads_fine,"Site is reachable with a valid certificate and shows no sign of being JS-only -- the fill failure here is NOT explained by site infrastructure; likely a crawler/hub-detection or course-matching gap, or (rarely) a genuinely wrong website value -- needs manual verification.",
Leo Cussen Institute,https://www.leocussen.edu.au/,1,0,1,loads_fine,"Site is reachable with a valid certificate and shows no sign of being JS-only -- the fill failure here is NOT explained by site infrastructure; likely a crawler/hub-detection or course-matching gap, or (rarely) a genuinely wrong website value -- needs manual verification.",
Lion Talent Placement Upskilling Program,http://www.liontalent.com.au/,1,0,1,unreachable,"No response from the domain at all (DNS failure, connection refused, or timeout) -- likely a closed institution, expired domain, or wrong URL on file.",
Lynn University - Shorelight,https://shorelight.com/,1,0,1,spa,"Site returns an empty HTML shell; real content only renders client-side in a browser (JavaScript), invisible to the crawler and to Serper alike.",
Major Blue Air Pty Ltd,https://majorblueair.com.au/,1,0,1,loads_fine,"Site is reachable with a valid certificate and shows no sign of being JS-only -- the fill failure here is NOT explained by site infrastructure; likely a crawler/hub-detection or course-matching gap, or (rarely) a genuinely wrong website value -- needs manual verification.",
Mandama Primary School,https://mandama.vic.edu.au/,1,0,1,loads_fine,"Site is reachable with a valid certificate and shows no sign of being JS-only -- the fill failure here is NOT explained by site infrastructure; likely a crawler/hub-detection or course-matching gap, or (rarely) a genuinely wrong website value -- needs manual verification.",
Missouri State University,https://www.missouristate.edu/,1,0,1,loads_fine,"Site is reachable with a valid certificate and shows no sign of being JS-only -- the fill failure here is NOT explained by site infrastructure; likely a crawler/hub-detection or course-matching gap, or (rarely) a genuinely wrong website value -- needs manual verification.",
Missouri University of Science and Technology,https://mst.shorelight.com/,1,0,1,bot_blocked,Site returns HTTP 403/406/429 to automated requests. The site itself is fine; scraping is being deliberately refused (often a WAF at large institutions).,
Modern Communications Australia Pty Ltd,https://taie.com.au/,1,0,1,loads_fine,"Site is reachable with a valid certificate and shows no sign of being JS-only -- the fill failure here is NOT explained by site infrastructure; likely a crawler/hub-detection or course-matching gap, or (rarely) a genuinely wrong website value -- needs manual verification.",
NATIONAL CAREER INSTITUTE,https://www.yourcareer.gov.au/,1,0,1,loads_fine,"Site is reachable with a valid certificate and shows no sign of being JS-only -- the fill failure here is NOT explained by site infrastructure; likely a crawler/hub-detection or course-matching gap, or (rarely) a genuinely wrong website value -- needs manual verification.",
Newcastle College University Centre,https://www.ncl-coll.ac.uk/,1,0,1,loads_fine,"Site is reachable with a valid certificate and shows no sign of being JS-only -- the fill failure here is NOT explained by site infrastructure; likely a crawler/hub-detection or course-matching gap, or (rarely) a genuinely wrong website value -- needs manual verification.",
Niche Education Group Pty Ltd,https://www.nicheeducation.edu.au/,1,0,1,loads_fine,"Site is reachable with a valid certificate and shows no sign of being JS-only -- the fill failure here is NOT explained by site infrastructure; likely a crawler/hub-detection or course-matching gap, or (rarely) a genuinely wrong website value -- needs manual verification.",
Nollamara Primary School - Independent Public School,https://www.nollamaraps.wa.edu.au/,1,0,1,loads_fine,"Site is reachable with a valid certificate and shows no sign of being JS-only -- the fill failure here is NOT explained by site infrastructure; likely a crawler/hub-detection or course-matching gap, or (rarely) a genuinely wrong website value -- needs manual verification.",
OCANZ,https://www.ocanz.org/,1,0,1,loads_fine,"Site is reachable with a valid certificate and shows no sign of being JS-only -- the fill failure here is NOT explained by site infrastructure; likely a crawler/hub-detection or course-matching gap, or (rarely) a genuinely wrong website value -- needs manual verification.",
OTC,https://www.otcouncil.com.au/,1,0,1,loads_fine,"Site is reachable with a valid certificate and shows no sign of being JS-only -- the fill failure here is NOT explained by site infrastructure; likely a crawler/hub-detection or course-matching gap, or (rarely) a genuinely wrong website value -- needs manual verification.",
Ohlone College,https://www.ohlone.edu/,1,0,1,bot_blocked,Site returns HTTP 403/406/429 to automated requests. The site itself is fine; scraping is being deliberately refused (often a WAF at large institutions).,
OnCampus London South Bank,https://www.oncampus.global/,1,0,1,loads_fine,"Site is reachable with a valid certificate and shows no sign of being JS-only -- the fill failure here is NOT explained by site infrastructure; likely a crawler/hub-detection or course-matching gap, or (rarely) a genuinely wrong website value -- needs manual verification.",
Oxford Creative Academy Pty Ltd,https://oxfordcreativeacademy.com/,1,0,1,loads_fine,"Site is reachable with a valid certificate and shows no sign of being JS-only -- the fill failure here is NOT explained by site infrastructure; likely a crawler/hub-detection or course-matching gap, or (rarely) a genuinely wrong website value -- needs manual verification.",
Oxford International Education Group (OIEG),https://www.oxfordinternational.com/,1,0,1,loads_fine,"Site is reachable with a valid certificate and shows no sign of being JS-only -- the fill failure here is NOT explained by site infrastructure; likely a crawler/hub-detection or course-matching gap, or (rarely) a genuinely wrong website value -- needs manual verification.",
Perfekt Deutsch Dortmund,https://www.perfekt-deutsch.de/,1,0,1,bot_blocked,Site returns HTTP 403/406/429 to automated requests. The site itself is fine; scraping is being deliberately refused (often a WAF at large institutions).,
PodBA,https://www.podiatryboard.gov.au/,1,0,1,loads_fine,"Site is reachable with a valid certificate and shows no sign of being JS-only -- the fill failure here is NOT explained by site infrastructure; likely a crawler/hub-detection or course-matching gap, or (rarely) a genuinely wrong website value -- needs manual verification.",
Quantum Training Pty Ltd,https://training.gov.au/,1,0,1,loads_fine,"Site is reachable with a valid certificate and shows no sign of being JS-only -- the fill failure here is NOT explained by site infrastructure; likely a crawler/hub-detection or course-matching gap, or (rarely) a genuinely wrong website value -- needs manual verification.",
RITZ COLLEGE PTY LTD,https://ritz.edu.au/,1,0,1,unreachable,"No response from the domain at all (DNS failure, connection refused, or timeout) -- likely a closed institution, expired domain, or wrong URL on file.",
RMIT Training Pty Ltd,https://www.rmit.edu.au/,1,0,1,loads_fine,"Site is reachable with a valid certificate and shows no sign of being JS-only -- the fill failure here is NOT explained by site infrastructure; likely a crawler/hub-detection or course-matching gap, or (rarely) a genuinely wrong website value -- needs manual verification.",
Reynolds Community College Student Visa Only,https://www.reynolds.edu/,1,0,1,loads_fine,"Site is reachable with a valid certificate and shows no sign of being JS-only -- the fill failure here is NOT explained by site infrastructure; likely a crawler/hub-detection or course-matching gap, or (rarely) a genuinely wrong website value -- needs manual verification.",
Robert Morris University,http://www.rmucolonials.com/,1,0,1,loads_fine,"Site is reachable with a valid certificate and shows no sign of being JS-only -- the fill failure here is NOT explained by site infrastructure; likely a crawler/hub-detection or course-matching gap, or (rarely) a genuinely wrong website value -- needs manual verification.",
SEGi University,https://www.segi.edu.my/,1,0,1,bot_blocked,Site returns HTTP 403/406/429 to automated requests. The site itself is fine; scraping is being deliberately refused (often a WAF at large institutions).,
SPA,https://www.speechpathologyaustralia.org.au/,1,0,1,loads_fine,"Site is reachable with a valid certificate and shows no sign of being JS-only -- the fill failure here is NOT explained by site infrastructure; likely a crawler/hub-detection or course-matching gap, or (rarely) a genuinely wrong website value -- needs manual verification.",
SSSI,https://geospatialcouncil.org.au/,1,0,1,unreachable,"No response from the domain at all (DNS failure, connection refused, or timeout) -- likely a closed institution, expired domain, or wrong URL on file.",
SUNY Westchester Community College Student Visa Only,https://www.sunywcc.edu/,1,0,1,loads_fine,"Site is reachable with a valid certificate and shows no sign of being JS-only -- the fill failure here is NOT explained by site infrastructure; likely a crawler/hub-detection or course-matching gap, or (rarely) a genuinely wrong website value -- needs manual verification.",
Seminole State College Student Visa Only,https://www.seminolestate.edu/,1,0,1,loads_fine,"Site is reachable with a valid certificate and shows no sign of being JS-only -- the fill failure here is NOT explained by site infrastructure; likely a crawler/hub-detection or course-matching gap, or (rarely) a genuinely wrong website value -- needs manual verification.",
Seventh-day Adventist Schools (Western Australia) Limited,https://www.adventist.edu.au/,1,0,1,loads_fine,"Site is reachable with a valid certificate and shows no sign of being JS-only -- the fill failure here is NOT explained by site infrastructure; likely a crawler/hub-detection or course-matching gap, or (rarely) a genuinely wrong website value -- needs manual verification.",
Shinawatra University,https://siu.ac.th/,1,0,1,bot_blocked,Site returns HTTP 403/406/429 to automated requests. The site itself is fine; scraping is being deliberately refused (often a WAF at large institutions).,
Shoreline Community College,https://www.shoreline.edu/,1,0,1,loads_fine,"Site is reachable with a valid certificate and shows no sign of being JS-only -- the fill failure here is NOT explained by site infrastructure; likely a crawler/hub-detection or course-matching gap, or (rarely) a genuinely wrong website value -- needs manual verification.",
Skill Sync Education & Training,https://www.skillsync.com.au/,1,0,1,loads_fine,"Site is reachable with a valid certificate and shows no sign of being JS-only -- the fill failure here is NOT explained by site infrastructure; likely a crawler/hub-detection or course-matching gap, or (rarely) a genuinely wrong website value -- needs manual verification.",
St Thomas College Pty Ltd,https://stthomas.edu.au/,1,0,1,unreachable,"No response from the domain at all (DNS failure, connection refused, or timeout) -- likely a closed institution, expired domain, or wrong URL on file.",
Steinbeis University,https://www.steinbeis-hochschule.de/,1,0,1,loads_fine,"Site is reachable with a valid certificate and shows no sign of being JS-only -- the fill failure here is NOT explained by site infrastructure; likely a crawler/hub-detection or course-matching gap, or (rarely) a genuinely wrong website value -- needs manual verification.",
TMG College,http://www.tmg.edu.au/,1,0,1,unreachable,"No response from the domain at all (DNS failure, connection refused, or timeout) -- likely a closed institution, expired domain, or wrong URL on file.",
TRA (Trades),https://www.tradesrecognitionaustralia.gov.au/,1,0,1,other,Reachable but did not fall cleanly into another bucket (e.g. an unusual redirect chain) -- needs manual inspection.,
Taylors College Auckland,https://www.taylorsauckland.ac.nz/,1,0,1,unreachable,"No response from the domain at all (DNS failure, connection refused, or timeout) -- likely a closed institution, expired domain, or wrong URL on file.",
Test Campus,https://expert.crm.applyims.com/,1,0,1,spa,"Site returns an empty HTML shell; real content only renders client-side in a browser (JavaScript), invisible to the crawler and to Serper alike.",
Texas Tech University,https://www.ttu.edu/,1,0,1,loads_fine,"Site is reachable with a valid certificate and shows no sign of being JS-only -- the fill failure here is NOT explained by site infrastructure; likely a crawler/hub-detection or course-matching gap, or (rarely) a genuinely wrong website value -- needs manual verification.",
Texila College Australia Pty Ltd,https://texila.edu.au/,1,0,1,loads_fine,"Site is reachable with a valid certificate and shows no sign of being JS-only -- the fill failure here is NOT explained by site infrastructure; likely a crawler/hub-detection or course-matching gap, or (rarely) a genuinely wrong website value -- needs manual verification.",
The Moerlina School Inc.,https://www.moerlina.wa.edu.au/,1,0,1,loads_fine,"Site is reachable with a valid certificate and shows no sign of being JS-only -- the fill failure here is NOT explained by site infrastructure; likely a crawler/hub-detection or course-matching gap, or (rarely) a genuinely wrong website value -- needs manual verification.",
Thomas More University,https://www.thomasmore.edu/,1,0,1,bot_blocked,Site returns HTTP 403/406/429 to automated requests. The site itself is fine; scraping is being deliberately refused (often a WAF at large institutions).,
Thornlie Senior High School,https://www.thornlieshs.wa.edu.au/,1,0,1,loads_fine,"Site is reachable with a valid certificate and shows no sign of being JS-only -- the fill failure here is NOT explained by site infrastructure; likely a crawler/hub-detection or course-matching gap, or (rarely) a genuinely wrong website value -- needs manual verification.",
University Targu Mures Medical Campus Hamburg - UMCH,https://edu.umch.de/,1,0,1,loads_fine,"Site is reachable with a valid certificate and shows no sign of being JS-only -- the fill failure here is NOT explained by site infrastructure; likely a crawler/hub-detection or course-matching gap, or (rarely) a genuinely wrong website value -- needs manual verification.",
University of Brighton International College,https://www.brighton.ac.uk/,1,0,1,loads_fine,"Site is reachable with a valid certificate and shows no sign of being JS-only -- the fill failure here is NOT explained by site infrastructure; likely a crawler/hub-detection or course-matching gap, or (rarely) a genuinely wrong website value -- needs manual verification.",
University of San Francisco,https://www.usfca.edu/,1,0,1,loads_fine,"Site is reachable with a valid certificate and shows no sign of being JS-only -- the fill failure here is NOT explained by site infrastructure; likely a crawler/hub-detection or course-matching gap, or (rarely) a genuinely wrong website value -- needs manual verification.",
Washington State University,https://wsu.edu/,1,0,1,loads_fine,"Site is reachable with a valid certificate and shows no sign of being JS-only -- the fill failure here is NOT explained by site infrastructure; likely a crawler/hub-detection or course-matching gap, or (rarely) a genuinely wrong website value -- needs manual verification.",
Wroclaw Medical University,https://umw.edu.pl/,1,0,1,unreachable,"No response from the domain at all (DNS failure, connection refused, or timeout) -- likely a closed institution, expired domain, or wrong URL on file.",
Yeshiva University,https://www.yu.edu/,1,0,1,loads_fine,"Site is reachable with a valid certificate and shows no sign of being JS-only -- the fill failure here is NOT explained by site infrastructure; likely a crawler/hub-detection or course-matching gap, or (rarely) a genuinely wrong website value -- needs manual verification.",
Alia College Ltd,https://alia.vic.edu.au/,1,1,0,not_a_course_provider,Every row for this institution is excluded from search entirely (occupation-code / year-level / test-booking / inactive-marker rows) -- not a real course-search failure.,
Australian International High School Pty Limited,https://academies.edu.au/,1,1,0,not_a_course_provider,Every row for this institution is excluded from search entirely (occupation-code / year-level / test-booking / inactive-marker rows) -- not a real course-search failure.,
Bellaire Primary School,https://bellaireps.vic.edu.au/,1,1,0,not_a_course_provider,Every row for this institution is excluded from search entirely (occupation-code / year-level / test-booking / inactive-marker rows) -- not a real course-search failure.,
Brentwood Park Primary School,http://www.brentwoodparkps.vic.edu.au/,1,1,0,not_a_course_provider,Every row for this institution is excluded from search entirely (occupation-code / year-level / test-booking / inactive-marker rows) -- not a real course-search failure.,
Brunswick South Primary School,http://www.brunswicksouthps.vic.edu.au/,1,1,0,not_a_course_provider,Every row for this institution is excluded from search entirely (occupation-code / year-level / test-booking / inactive-marker rows) -- not a real course-search failure.,
Camberwell Anglican Girls' Grammar School,https://www.cggs.vic.edu.au/,1,1,0,not_a_course_provider,Every row for this institution is excluded from search entirely (occupation-code / year-level / test-booking / inactive-marker rows) -- not a real course-search failure.,
Caroline Chisholm Catholic College,https://www.cccc.vic.edu.au/,1,1,0,not_a_course_provider,Every row for this institution is excluded from search entirely (occupation-code / year-level / test-booking / inactive-marker rows) -- not a real course-search failure.,
Carranballac P-9 College,http://www.carranballac.vic.edu.au/,1,1,0,not_a_course_provider,Every row for this institution is excluded from search entirely (occupation-code / year-level / test-booking / inactive-marker rows) -- not a real course-search failure.,
Donnybrook Primary School,https://donnybrookps.vic.edu.au/,1,1,0,not_a_course_provider,Every row for this institution is excluded from search entirely (occupation-code / year-level / test-booking / inactive-marker rows) -- not a real course-search failure.,
Duolingo (Bangladesh),https://englishtest.duolingo.com/,1,1,0,not_a_course_provider,Every row for this institution is excluded from search entirely (occupation-code / year-level / test-booking / inactive-marker rows) -- not a real course-search failure.,
Duolingo (Bhutan),https://englishtest.duolingo.com/,1,1,0,not_a_course_provider,Every row for this institution is excluded from search entirely (occupation-code / year-level / test-booking / inactive-marker rows) -- not a real course-search failure.,
Duolingo (Cambodia),https://englishtest.duolingo.com/,1,1,0,not_a_course_provider,Every row for this institution is excluded from search entirely (occupation-code / year-level / test-booking / inactive-marker rows) -- not a real course-search failure.,
Duolingo (India),https://englishtest.duolingo.com/,1,1,0,not_a_course_provider,Every row for this institution is excluded from search entirely (occupation-code / year-level / test-booking / inactive-marker rows) -- not a real course-search failure.,
Duolingo (Indonesia),https://englishtest.duolingo.com/,1,1,0,not_a_course_provider,Every row for this institution is excluded from search entirely (occupation-code / year-level / test-booking / inactive-marker rows) -- not a real course-search failure.,
Duolingo (Kenya),https://englishtest.duolingo.com/,1,1,0,not_a_course_provider,Every row for this institution is excluded from search entirely (occupation-code / year-level / test-booking / inactive-marker rows) -- not a real course-search failure.,
Duolingo (Laos),https://englishtest.duolingo.com/,1,1,0,not_a_course_provider,Every row for this institution is excluded from search entirely (occupation-code / year-level / test-booking / inactive-marker rows) -- not a real course-search failure.,
Duolingo (Myanmar),https://englishtest.duolingo.com/,1,1,0,not_a_course_provider,Every row for this institution is excluded from search entirely (occupation-code / year-level / test-booking / inactive-marker rows) -- not a real course-search failure.,
Duolingo (Nepal),https://englishtest.duolingo.com/,1,1,0,not_a_course_provider,Every row for this institution is excluded from search entirely (occupation-code / year-level / test-booking / inactive-marker rows) -- not a real course-search failure.,
Duolingo (Nigeria),https://englishtest.duolingo.com/,1,1,0,not_a_course_provider,Every row for this institution is excluded from search entirely (occupation-code / year-level / test-booking / inactive-marker rows) -- not a real course-search failure.,
Duolingo (Philippines),https://englishtest.duolingo.com/,1,1,0,not_a_course_provider,Every row for this institution is excluded from search entirely (occupation-code / year-level / test-booking / inactive-marker rows) -- not a real course-search failure.,
Duolingo (Sri Lanka),https://englishtest.duolingo.com/,1,1,0,not_a_course_provider,Every row for this institution is excluded from search entirely (occupation-code / year-level / test-booking / inactive-marker rows) -- not a real course-search failure.,
Duolingo (Thailand),https://englishtest.duolingo.com/,1,1,0,not_a_course_provider,Every row for this institution is excluded from search entirely (occupation-code / year-level / test-booking / inactive-marker rows) -- not a real course-search failure.,
Duolingo (Vietnam),https://englishtest.duolingo.com/,1,1,0,not_a_course_provider,Every row for this institution is excluded from search entirely (occupation-code / year-level / test-booking / inactive-marker rows) -- not a real course-search failure.,
ETS TOFEL IBT,https://www.ets.org/,1,1,0,not_a_course_provider,Every row for this institution is excluded from search entirely (occupation-code / year-level / test-booking / inactive-marker rows) -- not a real course-search failure.,
Girton Grammar School Ltd,https://www.girton.vic.edu.au/,1,1,0,not_a_course_provider,Every row for this institution is excluded from search entirely (occupation-code / year-level / test-booking / inactive-marker rows) -- not a real course-search failure.,
Hamilton Secondary College,http://www.hamcoll.sa.edu.au/,1,1,0,not_a_course_provider,Every row for this institution is excluded from search entirely (occupation-code / year-level / test-booking / inactive-marker rows) -- not a real course-search failure.,
Harrisfield Primary School,http://www.harrisfieldps.vic.edu.au/,1,1,0,not_a_course_provider,Every row for this institution is excluded from search entirely (occupation-code / year-level / test-booking / inactive-marker rows) -- not a real course-search failure.,
Holmes Commercial Colleges (Melbourne) Limited,https://www.holmes.edu.au/,1,1,0,not_a_course_provider,Every row for this institution is excluded from search entirely (occupation-code / year-level / test-booking / inactive-marker rows) -- not a real course-search failure.,
Huntingtower School Association,https://www.huntingtower.vic.edu.au/,1,1,0,not_a_course_provider,Every row for this institution is excluded from search entirely (occupation-code / year-level / test-booking / inactive-marker rows) -- not a real course-search failure.,
Iramoo Primary School,http://www.iramoops.vic.edu.au/,1,1,0,not_a_course_provider,Every row for this institution is excluded from search entirely (occupation-code / year-level / test-booking / inactive-marker rows) -- not a real course-search failure.,
Kingston State College,https://kingstonsc.eq.edu.au/,1,1,0,not_a_course_provider,Every row for this institution is excluded from search entirely (occupation-code / year-level / test-booking / inactive-marker rows) -- not a real course-search failure.,
Kingsway Academy,https://iceapkingsway.ca/,1,1,0,not_a_course_provider,Every row for this institution is excluded from search entirely (occupation-code / year-level / test-booking / inactive-marker rows) -- not a real course-search failure.,
Lalor East Primary School,http://www.laloreastps.vic.edu.au/,1,1,0,not_a_course_provider,Every row for this institution is excluded from search entirely (occupation-code / year-level / test-booking / inactive-marker rows) -- not a real course-search failure.,
Loyola College,https://www.loyola.vic.edu.au/,1,1,0,not_a_course_provider,Every row for this institution is excluded from search entirely (occupation-code / year-level / test-booking / inactive-marker rows) -- not a real course-search failure.,
Mater Christi College,https://www.materchristi.edu.au/,1,1,0,not_a_course_provider,Every row for this institution is excluded from search entirely (occupation-code / year-level / test-booking / inactive-marker rows) -- not a real course-search failure.,
McKinnon Primary School,https://mckinnon-primary.vic.edu.au/,1,1,0,not_a_course_provider,Every row for this institution is excluded from search entirely (occupation-code / year-level / test-booking / inactive-marker rows) -- not a real course-search failure.,
Melbourne Grammar School,https://www.mgs.vic.edu.au/,1,1,0,not_a_course_provider,Every row for this institution is excluded from search entirely (occupation-code / year-level / test-booking / inactive-marker rows) -- not a real course-search failure.,
Mentone Girls Grammar School,https://www.mentonegirls.vic.edu.au/,1,1,0,not_a_course_provider,Every row for this institution is excluded from search entirely (occupation-code / year-level / test-booking / inactive-marker rows) -- not a real course-search failure.,
Monivae College,https://www.monivae.com/,1,1,0,not_a_course_provider,Every row for this institution is excluded from search entirely (occupation-code / year-level / test-booking / inactive-marker rows) -- not a real course-search failure.,
Moorabbin Primary School,https://www.moorabbin.vic.edu.au/,1,1,0,not_a_course_provider,Every row for this institution is excluded from search entirely (occupation-code / year-level / test-booking / inactive-marker rows) -- not a real course-search failure.,
Mount Ridley P-12 College,https://www.mountridleycollege.vic.edu.au/,1,1,0,not_a_course_provider,Every row for this institution is excluded from search entirely (occupation-code / year-level / test-booking / inactive-marker rows) -- not a real course-search failure.,
Nazareth College,https://www.nazareth.vic.edu.au/,1,1,0,not_a_course_provider,Every row for this institution is excluded from search entirely (occupation-code / year-level / test-booking / inactive-marker rows) -- not a real course-search failure.,
New South Wales Government Schools,https://education.nsw.gov.au/,1,1,0,not_a_course_provider,Every row for this institution is excluded from search entirely (occupation-code / year-level / test-booking / inactive-marker rows) -- not a real course-search failure.,
Noble Park Secondary College - NPSC,https://www.nobleparksc.vic.edu.au/,1,1,0,not_a_course_provider,Every row for this institution is excluded from search entirely (occupation-code / year-level / test-booking / inactive-marker rows) -- not a real course-search failure.,
Paralowie School,https://paralowie.sa.edu.au/,1,1,0,not_a_course_provider,Every row for this institution is excluded from search entirely (occupation-code / year-level / test-booking / inactive-marker rows) -- not a real course-search failure.,
Point Cook Senior Secondary College,https://www.pointcooksenior.vic.edu.au/,1,1,0,not_a_course_provider,Every row for this institution is excluded from search entirely (occupation-code / year-level / test-booking / inactive-marker rows) -- not a real course-search failure.,
Seaholme Primary School,http://www.seaholmeps.vic.edu.au/,1,1,0,not_a_course_provider,Every row for this institution is excluded from search entirely (occupation-code / year-level / test-booking / inactive-marker rows) -- not a real course-search failure.,
"Sheffield Girls' Infant, Junior and Senior School",http://www.sheffieldhighschool.org.uk/,1,1,0,not_a_course_provider,Every row for this institution is excluded from search entirely (occupation-code / year-level / test-booking / inactive-marker rows) -- not a real course-search failure.,
St Joseph's College,https://www.joeys.org/,1,1,0,not_a_course_provider,Every row for this institution is excluded from search entirely (occupation-code / year-level / test-booking / inactive-marker rows) -- not a real course-search failure.,
St Margaret's School,https://www.stmargarets.vic.edu.au/,1,1,0,not_a_course_provider,Every row for this institution is excluded from search entirely (occupation-code / year-level / test-booking / inactive-marker rows) -- not a real course-search failure.,
St Marys College Melbourne,https://www.stmarys.vic.edu.au/,1,1,0,not_a_course_provider,Every row for this institution is excluded from search entirely (occupation-code / year-level / test-booking / inactive-marker rows) -- not a real course-search failure.,
St Patricks College Ballarat,https://www.stpats.vic.edu.au/,1,1,0,not_a_course_provider,Every row for this institution is excluded from search entirely (occupation-code / year-level / test-booking / inactive-marker rows) -- not a real course-search failure.,
Strathcona Baptist Girls Grammar School Limited,https://www.strathcona.vic.edu.au/,1,1,0,not_a_course_provider,Every row for this institution is excluded from search entirely (occupation-code / year-level / test-booking / inactive-marker rows) -- not a real course-search failure.,
Tarneit P-9 College,https://www.tarneitcollege.vic.edu.au/,1,1,0,not_a_course_provider,Every row for this institution is excluded from search entirely (occupation-code / year-level / test-booking / inactive-marker rows) -- not a real course-search failure.,
The Geelong College,https://www.geelongcollege.vic.edu.au/,1,1,0,not_a_course_provider,Every row for this institution is excluded from search entirely (occupation-code / year-level / test-booking / inactive-marker rows) -- not a real course-search failure.,
The Grange P-12 College,https://www.thegrange.vic.edu.au/,1,1,0,not_a_course_provider,Every row for this institution is excluded from search entirely (occupation-code / year-level / test-booking / inactive-marker rows) -- not a real course-search failure.,
The Hamilton and Alexandra College,https://www.hamiltoncollege.vic.edu.au/,1,1,0,not_a_course_provider,Every row for this institution is excluded from search entirely (occupation-code / year-level / test-booking / inactive-marker rows) -- not a real course-search failure.,
Thomas Carr College Tarneit,https://www.thomascarr.vic.edu.au/,1,1,0,not_a_course_provider,Every row for this institution is excluded from search entirely (occupation-code / year-level / test-booking / inactive-marker rows) -- not a real course-search failure.,
Trinity Grammar School Kew,https://www.trinity.vic.edu.au/,1,1,0,not_a_course_provider,Every row for this institution is excluded from search entirely (occupation-code / year-level / test-booking / inactive-marker rows) -- not a real course-search failure.,
Werribee Secondary College,https://www.werribeesc.vic.edu.au/,1,1,0,not_a_course_provider,Every row for this institution is excluded from search entirely (occupation-code / year-level / test-booking / inactive-marker rows) -- not a real course-search failure.,
